[2025-12-18 17:02:47] local.ERROR: The C:\Users\chuite\Documents\GitHub\torre_solento\bootstrap\cache directory must be present and writable. {"exception":"[object] (Exception(code: 0): The C:\\Users\\chuite\\Documents\\GitHub\\torre_solento\\bootstrap\\cache directory must be present and writable. at C:\\Users\\chuite\\Documents\\GitHub\\torre_solento\\vendor\\laravel\\framework\\src\\Illuminate\\Foundation\\PackageManifest.php:179)
[stacktrace]
#0 C:\\Users\\chuite\\Documents\\GitHub\\torre_solento\\vendor\\laravel\\framework\\src\\Illuminate\\Foundation\\PackageManifest.php(132): Illuminate\\Foundation\\PackageManifest->write()
#1 C:\\Users\\chuite\\Documents\\GitHub\\torre_solento\\vendor\\laravel\\framework\\src\\Illuminate\\Foundation\\PackageManifest.php(108): Illuminate\\Foundation\\PackageManifest->build()
#2 C:\\Users\\chuite\\Documents\\GitHub\\torre_solento\\vendor\\laravel\\framework\\src\\Illuminate\\Foundation\\PackageManifest.php(91): Illuminate\\Foundation\\PackageManifest->getManifest()
#3 C:\\Users\\chuite\\Documents\\GitHub\\torre_solento\\vendor\\laravel\\framework\\src\\Illuminate\\Foundation\\PackageManifest.php(80): Illuminate\\Foundation\\PackageManifest->config()
#4 C:\\Users\\chuite\\Documents\\GitHub\\torre_solento\\vendor\\laravel\\framework\\src\\Illuminate\\Foundation\\Bootstrap\\RegisterFacades.php(26): Illuminate\\Foundation\\PackageManifest->aliases()
#5 C:\\Users\\chuite\\Documents\\GitHub\\torre_solento\\vendor\\laravel\\framework\\src\\Illuminate\\Foundation\\Application.php(342): Illuminate\\Foundation\\Bootstrap\\RegisterFacades->bootstrap()
#6 C:\\Users\\chuite\\Documents\\GitHub\\torre_solento\\vendor\\laravel\\framework\\src\\Illuminate\\Foundation\\Console\\Kernel.php(474): Illuminate\\Foundation\\Application->bootstrapWith()
#7 C:\\Users\\chuite\\Documents\\GitHub\\torre_solento\\vendor\\laravel\\framework\\src\\Illuminate\\Foundation\\Console\\Kernel.php(196): Illuminate\\Foundation\\Console\\Kernel->bootstrap()
#8 C:\\Users\\chuite\\Documents\\GitHub\\torre_solento\\artisan(12): Illuminate\\Foundation\\Console\\Kernel->handle()
#9 {main}
"} 
[2025-12-18 17:03:05] local.ERROR: Method Illuminate\Foundation\Console\ClosureCommand::make does not exist. {"exception":"[object] (BadMethodCallException(code: 0): Method Illuminate\\Foundation\\Console\\ClosureCommand::make does not exist. at C:\\Users\\chuite\\Documents\\GitHub\\torre_solento\\vendor\\laravel\\framework\\src\\Illuminate\\Macroable\\Traits\\Macroable.php:89)
[stacktrace]
#0 C:\\Users\\chuite\\Documents\\GitHub\\torre_solento\\routes\\console.php(5): Illuminate\\Console\\Command::__callStatic()
#1 C:\\Users\\chuite\\Documents\\GitHub\\torre_solento\\vendor\\laravel\\framework\\src\\Illuminate\\Foundation\\Console\\Kernel.php(503): require('...')
#2 C:\\Users\\chuite\\Documents\\GitHub\\torre_solento\\vendor\\laravel\\framework\\src\\Illuminate\\Foundation\\Console\\Kernel.php(483): Illuminate\\Foundation\\Console\\Kernel->discoverCommands()
#3 C:\\Users\\chuite\\Documents\\GitHub\\torre_solento\\vendor\\laravel\\framework\\src\\Illuminate\\Foundation\\Console\\Kernel.php(196): Illuminate\\Foundation\\Console\\Kernel->bootstrap()
#4 C:\\Users\\chuite\\Documents\\GitHub\\torre_solento\\artisan(12): Illuminate\\Foundation\\Console\\Kernel->handle()
#5 {main}
"} 
[2026-01-15 20:25:37] local.ERROR: Database file at path [C:\Users\chuite\Documents\GitHub\torre_solento\database\database.sqlite] does not exist. Ensure this is an absolute path to the database. (Connection: sqlite, SQL: select exists (select 1 from sqlite_master where name = 'migrations' and type = 'table') as "exists") {"exception":"[object] (Illuminate\\Database\\QueryException(code: 0): Database file at path [C:\\Users\\chuite\\Documents\\GitHub\\torre_solento\\database\\database.sqlite] does not exist. Ensure this is an absolute path to the database. (Connection: sqlite, SQL: select exists (select 1 from sqlite_master where name = 'migrations' and type = 'table') as \"exists\") at C:\\Users\\chuite\\Documents\\GitHub\\torre_solento\\vendor\\laravel\\framework\\src\\Illuminate\\Database\\Connection.php:825)
[stacktrace]
#0 C:\\Users\\chuite\\Documents\\GitHub\\torre_solento\\vendor\\laravel\\framework\\src\\Illuminate\\Database\\Connection.php(779): Illuminate\\Database\\Connection->runQueryCallback()
#1 C:\\Users\\chuite\\Documents\\GitHub\\torre_solento\\vendor\\laravel\\framework\\src\\Illuminate\\Database\\Connection.php(398): Illuminate\\Database\\Connection->run()
#2 C:\\Users\\chuite\\Documents\\GitHub\\torre_solento\\vendor\\laravel\\framework\\src\\Illuminate\\Database\\Connection.php(344): Illuminate\\Database\\Connection->select()
#3 C:\\Users\\chuite\\Documents\\GitHub\\torre_solento\\vendor\\laravel\\framework\\src\\Illuminate\\Database\\Connection.php(361): Illuminate\\Database\\Connection->selectOne()
#4 C:\\Users\\chuite\\Documents\\GitHub\\torre_solento\\vendor\\laravel\\framework\\src\\Illuminate\\Database\\Schema\\SQLiteBuilder.php(44): Illuminate\\Database\\Connection->scalar()
#5 C:\\Users\\chuite\\Documents\\GitHub\\torre_solento\\vendor\\laravel\\framework\\src\\Illuminate\\Database\\Migrations\\DatabaseMigrationRepository.php(184): Illuminate\\Database\\Schema\\SQLiteBuilder->hasTable()
#6 C:\\Users\\chuite\\Documents\\GitHub\\torre_solento\\vendor\\laravel\\framework\\src\\Illuminate\\Database\\Migrations\\Migrator.php(742): Illuminate\\Database\\Migrations\\DatabaseMigrationRepository->repositoryExists()
#7 C:\\Users\\chuite\\Documents\\GitHub\\torre_solento\\vendor\\laravel\\framework\\src\\Illuminate\\Database\\Console\\Migrations\\MigrateCommand.php(165): Illuminate\\Database\\Migrations\\Migrator->repositoryExists()
#8 C:\\Users\\chuite\\Documents\\GitHub\\torre_solento\\vendor\\laravel\\framework\\src\\Illuminate\\Support\\helpers.php(338): Illuminate\\Database\\Console\\Migrations\\MigrateCommand->{closure:Illuminate\\Database\\Console\\Migrations\\MigrateCommand::repositoryExists():165}()
#9 C:\\Users\\chuite\\Documents\\GitHub\\torre_solento\\vendor\\laravel\\framework\\src\\Illuminate\\Database\\Console\\Migrations\\MigrateCommand.php(165): retry()
#10 C:\\Users\\chuite\\Documents\\GitHub\\torre_solento\\vendor\\laravel\\framework\\src\\Illuminate\\Database\\Console\\Migrations\\MigrateCommand.php(141): Illuminate\\Database\\Console\\Migrations\\MigrateCommand->repositoryExists()
#11 C:\\Users\\chuite\\Documents\\GitHub\\torre_solento\\vendor\\laravel\\framework\\src\\Illuminate\\Database\\Console\\Migrations\\MigrateCommand.php(111): Illuminate\\Database\\Console\\Migrations\\MigrateCommand->prepareDatabase()
#12 C:\\Users\\chuite\\Documents\\GitHub\\torre_solento\\vendor\\laravel\\framework\\src\\Illuminate\\Database\\Migrations\\Migrator.php(658): Illuminate\\Database\\Console\\Migrations\\MigrateCommand->{closure:Illuminate\\Database\\Console\\Migrations\\MigrateCommand::runMigrations():110}()
#13 C:\\Users\\chuite\\Documents\\GitHub\\torre_solento\\vendor\\laravel\\framework\\src\\Illuminate\\Database\\Console\\Migrations\\MigrateCommand.php(110): Illuminate\\Database\\Migrations\\Migrator->usingConnection()
#14 C:\\Users\\chuite\\Documents\\GitHub\\torre_solento\\vendor\\laravel\\framework\\src\\Illuminate\\Database\\Console\\Migrations\\MigrateCommand.php(89): Illuminate\\Database\\Console\\Migrations\\MigrateCommand->runMigrations()
#15 C:\\Users\\chuite\\Documents\\GitHub\\torre_solento\\vendor\\laravel\\framework\\src\\Illuminate\\Container\\BoundMethod.php(36): Illuminate\\Database\\Console\\Migrations\\MigrateCommand->handle()
#16 C:\\Users\\chuite\\Documents\\GitHub\\torre_solento\\vendor\\laravel\\framework\\src\\Illuminate\\Container\\Util.php(43): Illuminate\\Container\\BoundMethod::{closure:Illuminate\\Container\\BoundMethod::call():35}()
#17 C:\\Users\\chuite\\Documents\\GitHub\\torre_solento\\vendor\\laravel\\framework\\src\\Illuminate\\Container\\BoundMethod.php(95): Illuminate\\Container\\Util::unwrapIfClosure()
#18 C:\\Users\\chuite\\Documents\\GitHub\\torre_solento\\vendor\\laravel\\framework\\src\\Illuminate\\Container\\BoundMethod.php(35): Illuminate\\Container\\BoundMethod::callBoundMethod()
#19 C:\\Users\\chuite\\Documents\\GitHub\\torre_solento\\vendor\\laravel\\framework\\src\\Illuminate\\Container\\Container.php(696): Illuminate\\Container\\BoundMethod::call()
#20 C:\\Users\\chuite\\Documents\\GitHub\\torre_solento\\vendor\\laravel\\framework\\src\\Illuminate\\Console\\Command.php(213): Illuminate\\Container\\Container->call()
#21 C:\\Users\\chuite\\Documents\\GitHub\\torre_solento\\vendor\\symfony\\console\\Command\\Command.php(341): Illuminate\\Console\\Command->execute()
#22 C:\\Users\\chuite\\Documents\\GitHub\\torre_solento\\vendor\\laravel\\framework\\src\\Illuminate\\Console\\Command.php(182): Symfony\\Component\\Console\\Command\\Command->run()
#23 C:\\Users\\chuite\\Documents\\GitHub\\torre_solento\\vendor\\symfony\\console\\Application.php(1102): Illuminate\\Console\\Command->run()
#24 C:\\Users\\chuite\\Documents\\GitHub\\torre_solento\\vendor\\symfony\\console\\Application.php(356): Symfony\\Component\\Console\\Application->doRunCommand()
#25 C:\\Users\\chuite\\Documents\\GitHub\\torre_solento\\vendor\\symfony\\console\\Application.php(195): Symfony\\Component\\Console\\Application->doRun()
#26 C:\\Users\\chuite\\Documents\\GitHub\\torre_solento\\vendor\\laravel\\framework\\src\\Illuminate\\Foundation\\Console\\Kernel.php(198): Symfony\\Component\\Console\\Application->run()
#27 C:\\Users\\chuite\\Documents\\GitHub\\torre_solento\\artisan(12): Illuminate\\Foundation\\Console\\Kernel->handle()
#28 {main}

[previous exception] [object] (Illuminate\\Database\\SQLiteDatabaseDoesNotExistException(code: 0): Database file at path [C:\\Users\\chuite\\Documents\\GitHub\\torre_solento\\database\\database.sqlite] does not exist. Ensure this is an absolute path to the database. at C:\\Users\\chuite\\Documents\\GitHub\\torre_solento\\vendor\\laravel\\framework\\src\\Illuminate\\Database\\Connectors\\SQLiteConnector.php:37)
[stacktrace]
#0 C:\\Users\\chuite\\Documents\\GitHub\\torre_solento\\vendor\\laravel\\framework\\src\\Illuminate\\Database\\Connectors\\ConnectionFactory.php(224): Illuminate\\Database\\Connectors\\SQLiteConnector->connect()
#1 [internal function]: Illuminate\\Database\\Connectors\\ConnectionFactory->{closure:Illuminate\\Database\\Connectors\\ConnectionFactory::createPdoResolverWithoutHosts():224}()
#2 C:\\Users\\chuite\\Documents\\GitHub\\torre_solento\\vendor\\laravel\\framework\\src\\Illuminate\\Database\\Connection.php(1231): call_user_func()
#3 C:\\Users\\chuite\\Documents\\GitHub\\torre_solento\\vendor\\laravel\\framework\\src\\Illuminate\\Database\\Connection.php(1267): Illuminate\\Database\\Connection->getPdo()
#4 C:\\Users\\chuite\\Documents\\GitHub\\torre_solento\\vendor\\laravel\\framework\\src\\Illuminate\\Database\\Connection.php(512): Illuminate\\Database\\Connection->getReadPdo()
#5 C:\\Users\\chuite\\Documents\\GitHub\\torre_solento\\vendor\\laravel\\framework\\src\\Illuminate\\Database\\Connection.php(407): Illuminate\\Database\\Connection->getPdoForSelect()
#6 C:\\Users\\chuite\\Documents\\GitHub\\torre_solento\\vendor\\laravel\\framework\\src\\Illuminate\\Database\\Connection.php(812): Illuminate\\Database\\Connection->{closure:Illuminate\\Database\\Connection::select():398}()
#7 C:\\Users\\chuite\\Documents\\GitHub\\torre_solento\\vendor\\laravel\\framework\\src\\Illuminate\\Database\\Connection.php(779): Illuminate\\Database\\Connection->runQueryCallback()
#8 C:\\Users\\chuite\\Documents\\GitHub\\torre_solento\\vendor\\laravel\\framework\\src\\Illuminate\\Database\\Connection.php(398): Illuminate\\Database\\Connection->run()
#9 C:\\Users\\chuite\\Documents\\GitHub\\torre_solento\\vendor\\laravel\\framework\\src\\Illuminate\\Database\\Connection.php(344): Illuminate\\Database\\Connection->select()
#10 C:\\Users\\chuite\\Documents\\GitHub\\torre_solento\\vendor\\laravel\\framework\\src\\Illuminate\\Database\\Connection.php(361): Illuminate\\Database\\Connection->selectOne()
#11 C:\\Users\\chuite\\Documents\\GitHub\\torre_solento\\vendor\\laravel\\framework\\src\\Illuminate\\Database\\Schema\\SQLiteBuilder.php(44): Illuminate\\Database\\Connection->scalar()
#12 C:\\Users\\chuite\\Documents\\GitHub\\torre_solento\\vendor\\laravel\\framework\\src\\Illuminate\\Database\\Migrations\\DatabaseMigrationRepository.php(184): Illuminate\\Database\\Schema\\SQLiteBuilder->hasTable()
#13 C:\\Users\\chuite\\Documents\\GitHub\\torre_solento\\vendor\\laravel\\framework\\src\\Illuminate\\Database\\Migrations\\Migrator.php(742): Illuminate\\Database\\Migrations\\DatabaseMigrationRepository->repositoryExists()
#14 C:\\Users\\chuite\\Documents\\GitHub\\torre_solento\\vendor\\laravel\\framework\\src\\Illuminate\\Database\\Console\\Migrations\\MigrateCommand.php(165): Illuminate\\Database\\Migrations\\Migrator->repositoryExists()
#15 C:\\Users\\chuite\\Documents\\GitHub\\torre_solento\\vendor\\laravel\\framework\\src\\Illuminate\\Support\\helpers.php(338): Illuminate\\Database\\Console\\Migrations\\MigrateCommand->{closure:Illuminate\\Database\\Console\\Migrations\\MigrateCommand::repositoryExists():165}()
#16 C:\\Users\\chuite\\Documents\\GitHub\\torre_solento\\vendor\\laravel\\framework\\src\\Illuminate\\Database\\Console\\Migrations\\MigrateCommand.php(165): retry()
#17 C:\\Users\\chuite\\Documents\\GitHub\\torre_solento\\vendor\\laravel\\framework\\src\\Illuminate\\Database\\Console\\Migrations\\MigrateCommand.php(141): Illuminate\\Database\\Console\\Migrations\\MigrateCommand->repositoryExists()
#18 C:\\Users\\chuite\\Documents\\GitHub\\torre_solento\\vendor\\laravel\\framework\\src\\Illuminate\\Database\\Console\\Migrations\\MigrateCommand.php(111): Illuminate\\Database\\Console\\Migrations\\MigrateCommand->prepareDatabase()
#19 C:\\Users\\chuite\\Documents\\GitHub\\torre_solento\\vendor\\laravel\\framework\\src\\Illuminate\\Database\\Migrations\\Migrator.php(658): Illuminate\\Database\\Console\\Migrations\\MigrateCommand->{closure:Illuminate\\Database\\Console\\Migrations\\MigrateCommand::runMigrations():110}()
#20 C:\\Users\\chuite\\Documents\\GitHub\\torre_solento\\vendor\\laravel\\framework\\src\\Illuminate\\Database\\Console\\Migrations\\MigrateCommand.php(110): Illuminate\\Database\\Migrations\\Migrator->usingConnection()
#21 C:\\Users\\chuite\\Documents\\GitHub\\torre_solento\\vendor\\laravel\\framework\\src\\Illuminate\\Database\\Console\\Migrations\\MigrateCommand.php(89): Illuminate\\Database\\Console\\Migrations\\MigrateCommand->runMigrations()
#22 C:\\Users\\chuite\\Documents\\GitHub\\torre_solento\\vendor\\laravel\\framework\\src\\Illuminate\\Container\\BoundMethod.php(36): Illuminate\\Database\\Console\\Migrations\\MigrateCommand->handle()
#23 C:\\Users\\chuite\\Documents\\GitHub\\torre_solento\\vendor\\laravel\\framework\\src\\Illuminate\\Container\\Util.php(43): Illuminate\\Container\\BoundMethod::{closure:Illuminate\\Container\\BoundMethod::call():35}()
#24 C:\\Users\\chuite\\Documents\\GitHub\\torre_solento\\vendor\\laravel\\framework\\src\\Illuminate\\Container\\BoundMethod.php(95): Illuminate\\Container\\Util::unwrapIfClosure()
#25 C:\\Users\\chuite\\Documents\\GitHub\\torre_solento\\vendor\\laravel\\framework\\src\\Illuminate\\Container\\BoundMethod.php(35): Illuminate\\Container\\BoundMethod::callBoundMethod()
#26 C:\\Users\\chuite\\Documents\\GitHub\\torre_solento\\vendor\\laravel\\framework\\src\\Illuminate\\Container\\Container.php(696): Illuminate\\Container\\BoundMethod::call()
#27 C:\\Users\\chuite\\Documents\\GitHub\\torre_solento\\vendor\\laravel\\framework\\src\\Illuminate\\Console\\Command.php(213): Illuminate\\Container\\Container->call()
#28 C:\\Users\\chuite\\Documents\\GitHub\\torre_solento\\vendor\\symfony\\console\\Command\\Command.php(341): Illuminate\\Console\\Command->execute()
#29 C:\\Users\\chuite\\Documents\\GitHub\\torre_solento\\vendor\\laravel\\framework\\src\\Illuminate\\Console\\Command.php(182): Symfony\\Component\\Console\\Command\\Command->run()
#30 C:\\Users\\chuite\\Documents\\GitHub\\torre_solento\\vendor\\symfony\\console\\Application.php(1102): Illuminate\\Console\\Command->run()
#31 C:\\Users\\chuite\\Documents\\GitHub\\torre_solento\\vendor\\symfony\\console\\Application.php(356): Symfony\\Component\\Console\\Application->doRunCommand()
#32 C:\\Users\\chuite\\Documents\\GitHub\\torre_solento\\vendor\\symfony\\console\\Application.php(195): Symfony\\Component\\Console\\Application->doRun()
#33 C:\\Users\\chuite\\Documents\\GitHub\\torre_solento\\vendor\\laravel\\framework\\src\\Illuminate\\Foundation\\Console\\Kernel.php(198): Symfony\\Component\\Console\\Application->run()
#34 C:\\Users\\chuite\\Documents\\GitHub\\torre_solento\\artisan(12): Illuminate\\Foundation\\Console\\Kernel->handle()
#35 {main}
"} 
[2026-01-15 20:25:42] local.ERROR: could not find driver (Connection: sqlite, SQL: PRAGMA foreign_keys = ON;) {"exception":"[object] (Illuminate\\Database\\QueryException(code: 0): could not find driver (Connection: sqlite, SQL: PRAGMA foreign_keys = ON;) at C:\\Users\\chuite\\Documents\\GitHub\\torre_solento\\vendor\\laravel\\framework\\src\\Illuminate\\Database\\Connection.php:825)
[stacktrace]
#0 C:\\Users\\chuite\\Documents\\GitHub\\torre_solento\\vendor\\laravel\\framework\\src\\Illuminate\\Database\\Connection.php(779): Illuminate\\Database\\Connection->runQueryCallback()
#1 C:\\Users\\chuite\\Documents\\GitHub\\torre_solento\\vendor\\laravel\\framework\\src\\Illuminate\\Database\\Connection.php(560): Illuminate\\Database\\Connection->run()
#2 C:\\Users\\chuite\\Documents\\GitHub\\torre_solento\\vendor\\laravel\\framework\\src\\Illuminate\\Database\\Schema\\Builder.php(522): Illuminate\\Database\\Connection->statement()
#3 C:\\Users\\chuite\\Documents\\GitHub\\torre_solento\\vendor\\laravel\\framework\\src\\Illuminate\\Database\\SQLiteConnection.php(59): Illuminate\\Database\\Schema\\Builder->enableForeignKeyConstraints()
#4 C:\\Users\\chuite\\Documents\\GitHub\\torre_solento\\vendor\\laravel\\framework\\src\\Illuminate\\Database\\SQLiteConnection.php(28): Illuminate\\Database\\SQLiteConnection->configureForeignKeyConstraints()
#5 C:\\Users\\chuite\\Documents\\GitHub\\torre_solento\\vendor\\laravel\\framework\\src\\Illuminate\\Database\\Connectors\\ConnectionFactory.php(277): Illuminate\\Database\\SQLiteConnection->__construct()
#6 C:\\Users\\chuite\\Documents\\GitHub\\torre_solento\\vendor\\laravel\\framework\\src\\Illuminate\\Database\\Connectors\\ConnectionFactory.php(76): Illuminate\\Database\\Connectors\\ConnectionFactory->createConnection()
#7 C:\\Users\\chuite\\Documents\\GitHub\\torre_solento\\vendor\\laravel\\framework\\src\\Illuminate\\Database\\Connectors\\ConnectionFactory.php(51): Illuminate\\Database\\Connectors\\ConnectionFactory->createSingleConnection()
#8 C:\\Users\\chuite\\Documents\\GitHub\\torre_solento\\vendor\\laravel\\framework\\src\\Illuminate\\Database\\DatabaseManager.php(207): Illuminate\\Database\\Connectors\\ConnectionFactory->make()
#9 C:\\Users\\chuite\\Documents\\GitHub\\torre_solento\\vendor\\laravel\\framework\\src\\Illuminate\\Database\\DatabaseManager.php(103): Illuminate\\Database\\DatabaseManager->makeConnection()
#10 C:\\Users\\chuite\\Documents\\GitHub\\torre_solento\\vendor\\laravel\\framework\\src\\Illuminate\\Database\\Migrations\\DatabaseMigrationRepository.php(226): Illuminate\\Database\\DatabaseManager->connection()
#11 C:\\Users\\chuite\\Documents\\GitHub\\torre_solento\\vendor\\laravel\\framework\\src\\Illuminate\\Database\\Migrations\\DatabaseMigrationRepository.php(182): Illuminate\\Database\\Migrations\\DatabaseMigrationRepository->getConnection()
#12 C:\\Users\\chuite\\Documents\\GitHub\\torre_solento\\vendor\\laravel\\framework\\src\\Illuminate\\Database\\Migrations\\Migrator.php(742): Illuminate\\Database\\Migrations\\DatabaseMigrationRepository->repositoryExists()
#13 C:\\Users\\chuite\\Documents\\GitHub\\torre_solento\\vendor\\laravel\\framework\\src\\Illuminate\\Database\\Console\\Migrations\\MigrateCommand.php(165): Illuminate\\Database\\Migrations\\Migrator->repositoryExists()
#14 C:\\Users\\chuite\\Documents\\GitHub\\torre_solento\\vendor\\laravel\\framework\\src\\Illuminate\\Support\\helpers.php(338): Illuminate\\Database\\Console\\Migrations\\MigrateCommand->{closure:Illuminate\\Database\\Console\\Migrations\\MigrateCommand::repositoryExists():165}()
#15 C:\\Users\\chuite\\Documents\\GitHub\\torre_solento\\vendor\\laravel\\framework\\src\\Illuminate\\Database\\Console\\Migrations\\MigrateCommand.php(165): retry()
#16 C:\\Users\\chuite\\Documents\\GitHub\\torre_solento\\vendor\\laravel\\framework\\src\\Illuminate\\Database\\Console\\Migrations\\MigrateCommand.php(141): Illuminate\\Database\\Console\\Migrations\\MigrateCommand->repositoryExists()
#17 C:\\Users\\chuite\\Documents\\GitHub\\torre_solento\\vendor\\laravel\\framework\\src\\Illuminate\\Database\\Console\\Migrations\\MigrateCommand.php(111): Illuminate\\Database\\Console\\Migrations\\MigrateCommand->prepareDatabase()
#18 C:\\Users\\chuite\\Documents\\GitHub\\torre_solento\\vendor\\laravel\\framework\\src\\Illuminate\\Database\\Migrations\\Migrator.php(658): Illuminate\\Database\\Console\\Migrations\\MigrateCommand->{closure:Illuminate\\Database\\Console\\Migrations\\MigrateCommand::runMigrations():110}()
#19 C:\\Users\\chuite\\Documents\\GitHub\\torre_solento\\vendor\\laravel\\framework\\src\\Illuminate\\Database\\Console\\Migrations\\MigrateCommand.php(110): Illuminate\\Database\\Migrations\\Migrator->usingConnection()
#20 C:\\Users\\chuite\\Documents\\GitHub\\torre_solento\\vendor\\laravel\\framework\\src\\Illuminate\\Database\\Console\\Migrations\\MigrateCommand.php(89): Illuminate\\Database\\Console\\Migrations\\MigrateCommand->runMigrations()
#21 C:\\Users\\chuite\\Documents\\GitHub\\torre_solento\\vendor\\laravel\\framework\\src\\Illuminate\\Container\\BoundMethod.php(36): Illuminate\\Database\\Console\\Migrations\\MigrateCommand->handle()
#22 C:\\Users\\chuite\\Documents\\GitHub\\torre_solento\\vendor\\laravel\\framework\\src\\Illuminate\\Container\\Util.php(43): Illuminate\\Container\\BoundMethod::{closure:Illuminate\\Container\\BoundMethod::call():35}()
#23 C:\\Users\\chuite\\Documents\\GitHub\\torre_solento\\vendor\\laravel\\framework\\src\\Illuminate\\Container\\BoundMethod.php(95): Illuminate\\Container\\Util::unwrapIfClosure()
#24 C:\\Users\\chuite\\Documents\\GitHub\\torre_solento\\vendor\\laravel\\framework\\src\\Illuminate\\Container\\BoundMethod.php(35): Illuminate\\Container\\BoundMethod::callBoundMethod()
#25 C:\\Users\\chuite\\Documents\\GitHub\\torre_solento\\vendor\\laravel\\framework\\src\\Illuminate\\Container\\Container.php(696): Illuminate\\Container\\BoundMethod::call()
#26 C:\\Users\\chuite\\Documents\\GitHub\\torre_solento\\vendor\\laravel\\framework\\src\\Illuminate\\Console\\Command.php(213): Illuminate\\Container\\Container->call()
#27 C:\\Users\\chuite\\Documents\\GitHub\\torre_solento\\vendor\\symfony\\console\\Command\\Command.php(341): Illuminate\\Console\\Command->execute()
#28 C:\\Users\\chuite\\Documents\\GitHub\\torre_solento\\vendor\\laravel\\framework\\src\\Illuminate\\Console\\Command.php(182): Symfony\\Component\\Console\\Command\\Command->run()
#29 C:\\Users\\chuite\\Documents\\GitHub\\torre_solento\\vendor\\symfony\\console\\Application.php(1102): Illuminate\\Console\\Command->run()
#30 C:\\Users\\chuite\\Documents\\GitHub\\torre_solento\\vendor\\symfony\\console\\Application.php(356): Symfony\\Component\\Console\\Application->doRunCommand()
#31 C:\\Users\\chuite\\Documents\\GitHub\\torre_solento\\vendor\\symfony\\console\\Application.php(195): Symfony\\Component\\Console\\Application->doRun()
#32 C:\\Users\\chuite\\Documents\\GitHub\\torre_solento\\vendor\\laravel\\framework\\src\\Illuminate\\Foundation\\Console\\Kernel.php(198): Symfony\\Component\\Console\\Application->run()
#33 C:\\Users\\chuite\\Documents\\GitHub\\torre_solento\\artisan(12): Illuminate\\Foundation\\Console\\Kernel->handle()
#34 {main}

[previous exception] [object] (PDOException(code: 0): could not find driver at C:\\Users\\chuite\\Documents\\GitHub\\torre_solento\\vendor\\laravel\\framework\\src\\Illuminate\\Database\\Connectors\\Connector.php:67)
[stacktrace]
#0 C:\\Users\\chuite\\Documents\\GitHub\\torre_solento\\vendor\\laravel\\framework\\src\\Illuminate\\Database\\Connectors\\Connector.php(67): PDO::connect()
#1 C:\\Users\\chuite\\Documents\\GitHub\\torre_solento\\vendor\\laravel\\framework\\src\\Illuminate\\Database\\Connectors\\Connector.php(44): Illuminate\\Database\\Connectors\\Connector->createPdoConnection()
#2 C:\\Users\\chuite\\Documents\\GitHub\\torre_solento\\vendor\\laravel\\framework\\src\\Illuminate\\Database\\Connectors\\SQLiteConnector.php(40): Illuminate\\Database\\Connectors\\Connector->createConnection()
#3 C:\\Users\\chuite\\Documents\\GitHub\\torre_solento\\vendor\\laravel\\framework\\src\\Illuminate\\Database\\Connectors\\ConnectionFactory.php(224): Illuminate\\Database\\Connectors\\SQLiteConnector->connect()
#4 [internal function]: Illuminate\\Database\\Connectors\\ConnectionFactory->{closure:Illuminate\\Database\\Connectors\\ConnectionFactory::createPdoResolverWithoutHosts():224}()
#5 C:\\Users\\chuite\\Documents\\GitHub\\torre_solento\\vendor\\laravel\\framework\\src\\Illuminate\\Database\\Connection.php(1231): call_user_func()
#6 C:\\Users\\chuite\\Documents\\GitHub\\torre_solento\\vendor\\laravel\\framework\\src\\Illuminate\\Database\\Connection.php(565): Illuminate\\Database\\Connection->getPdo()
#7 C:\\Users\\chuite\\Documents\\GitHub\\torre_solento\\vendor\\laravel\\framework\\src\\Illuminate\\Database\\Connection.php(812): Illuminate\\Database\\Connection->{closure:Illuminate\\Database\\Connection::statement():560}()
#8 C:\\Users\\chuite\\Documents\\GitHub\\torre_solento\\vendor\\laravel\\framework\\src\\Illuminate\\Database\\Connection.php(779): Illuminate\\Database\\Connection->runQueryCallback()
#9 C:\\Users\\chuite\\Documents\\GitHub\\torre_solento\\vendor\\laravel\\framework\\src\\Illuminate\\Database\\Connection.php(560): Illuminate\\Database\\Connection->run()
#10 C:\\Users\\chuite\\Documents\\GitHub\\torre_solento\\vendor\\laravel\\framework\\src\\Illuminate\\Database\\Schema\\Builder.php(522): Illuminate\\Database\\Connection->statement()
#11 C:\\Users\\chuite\\Documents\\GitHub\\torre_solento\\vendor\\laravel\\framework\\src\\Illuminate\\Database\\SQLiteConnection.php(59): Illuminate\\Database\\Schema\\Builder->enableForeignKeyConstraints()
#12 C:\\Users\\chuite\\Documents\\GitHub\\torre_solento\\vendor\\laravel\\framework\\src\\Illuminate\\Database\\SQLiteConnection.php(28): Illuminate\\Database\\SQLiteConnection->configureForeignKeyConstraints()
#13 C:\\Users\\chuite\\Documents\\GitHub\\torre_solento\\vendor\\laravel\\framework\\src\\Illuminate\\Database\\Connectors\\ConnectionFactory.php(277): Illuminate\\Database\\SQLiteConnection->__construct()
#14 C:\\Users\\chuite\\Documents\\GitHub\\torre_solento\\vendor\\laravel\\framework\\src\\Illuminate\\Database\\Connectors\\ConnectionFactory.php(76): Illuminate\\Database\\Connectors\\ConnectionFactory->createConnection()
#15 C:\\Users\\chuite\\Documents\\GitHub\\torre_solento\\vendor\\laravel\\framework\\src\\Illuminate\\Database\\Connectors\\ConnectionFactory.php(51): Illuminate\\Database\\Connectors\\ConnectionFactory->createSingleConnection()
#16 C:\\Users\\chuite\\Documents\\GitHub\\torre_solento\\vendor\\laravel\\framework\\src\\Illuminate\\Database\\DatabaseManager.php(207): Illuminate\\Database\\Connectors\\ConnectionFactory->make()
#17 C:\\Users\\chuite\\Documents\\GitHub\\torre_solento\\vendor\\laravel\\framework\\src\\Illuminate\\Database\\DatabaseManager.php(103): Illuminate\\Database\\DatabaseManager->makeConnection()
#18 C:\\Users\\chuite\\Documents\\GitHub\\torre_solento\\vendor\\laravel\\framework\\src\\Illuminate\\Database\\Migrations\\DatabaseMigrationRepository.php(226): Illuminate\\Database\\DatabaseManager->connection()
#19 C:\\Users\\chuite\\Documents\\GitHub\\torre_solento\\vendor\\laravel\\framework\\src\\Illuminate\\Database\\Migrations\\DatabaseMigrationRepository.php(182): Illuminate\\Database\\Migrations\\DatabaseMigrationRepository->getConnection()
#20 C:\\Users\\chuite\\Documents\\GitHub\\torre_solento\\vendor\\laravel\\framework\\src\\Illuminate\\Database\\Migrations\\Migrator.php(742): Illuminate\\Database\\Migrations\\DatabaseMigrationRepository->repositoryExists()
#21 C:\\Users\\chuite\\Documents\\GitHub\\torre_solento\\vendor\\laravel\\framework\\src\\Illuminate\\Database\\Console\\Migrations\\MigrateCommand.php(165): Illuminate\\Database\\Migrations\\Migrator->repositoryExists()
#22 C:\\Users\\chuite\\Documents\\GitHub\\torre_solento\\vendor\\laravel\\framework\\src\\Illuminate\\Support\\helpers.php(338): Illuminate\\Database\\Console\\Migrations\\MigrateCommand->{closure:Illuminate\\Database\\Console\\Migrations\\MigrateCommand::repositoryExists():165}()
#23 C:\\Users\\chuite\\Documents\\GitHub\\torre_solento\\vendor\\laravel\\framework\\src\\Illuminate\\Database\\Console\\Migrations\\MigrateCommand.php(165): retry()
#24 C:\\Users\\chuite\\Documents\\GitHub\\torre_solento\\vendor\\laravel\\framework\\src\\Illuminate\\Database\\Console\\Migrations\\MigrateCommand.php(141): Illuminate\\Database\\Console\\Migrations\\MigrateCommand->repositoryExists()
#25 C:\\Users\\chuite\\Documents\\GitHub\\torre_solento\\vendor\\laravel\\framework\\src\\Illuminate\\Database\\Console\\Migrations\\MigrateCommand.php(111): Illuminate\\Database\\Console\\Migrations\\MigrateCommand->prepareDatabase()
#26 C:\\Users\\chuite\\Documents\\GitHub\\torre_solento\\vendor\\laravel\\framework\\src\\Illuminate\\Database\\Migrations\\Migrator.php(658): Illuminate\\Database\\Console\\Migrations\\MigrateCommand->{closure:Illuminate\\Database\\Console\\Migrations\\MigrateCommand::runMigrations():110}()
#27 C:\\Users\\chuite\\Documents\\GitHub\\torre_solento\\vendor\\laravel\\framework\\src\\Illuminate\\Database\\Console\\Migrations\\MigrateCommand.php(110): Illuminate\\Database\\Migrations\\Migrator->usingConnection()
#28 C:\\Users\\chuite\\Documents\\GitHub\\torre_solento\\vendor\\laravel\\framework\\src\\Illuminate\\Database\\Console\\Migrations\\MigrateCommand.php(89): Illuminate\\Database\\Console\\Migrations\\MigrateCommand->runMigrations()
#29 C:\\Users\\chuite\\Documents\\GitHub\\torre_solento\\vendor\\laravel\\framework\\src\\Illuminate\\Container\\BoundMethod.php(36): Illuminate\\Database\\Console\\Migrations\\MigrateCommand->handle()
#30 C:\\Users\\chuite\\Documents\\GitHub\\torre_solento\\vendor\\laravel\\framework\\src\\Illuminate\\Container\\Util.php(43): Illuminate\\Container\\BoundMethod::{closure:Illuminate\\Container\\BoundMethod::call():35}()
#31 C:\\Users\\chuite\\Documents\\GitHub\\torre_solento\\vendor\\laravel\\framework\\src\\Illuminate\\Container\\BoundMethod.php(95): Illuminate\\Container\\Util::unwrapIfClosure()
#32 C:\\Users\\chuite\\Documents\\GitHub\\torre_solento\\vendor\\laravel\\framework\\src\\Illuminate\\Container\\BoundMethod.php(35): Illuminate\\Container\\BoundMethod::callBoundMethod()
#33 C:\\Users\\chuite\\Documents\\GitHub\\torre_solento\\vendor\\laravel\\framework\\src\\Illuminate\\Container\\Container.php(696): Illuminate\\Container\\BoundMethod::call()
#34 C:\\Users\\chuite\\Documents\\GitHub\\torre_solento\\vendor\\laravel\\framework\\src\\Illuminate\\Console\\Command.php(213): Illuminate\\Container\\Container->call()
#35 C:\\Users\\chuite\\Documents\\GitHub\\torre_solento\\vendor\\symfony\\console\\Command\\Command.php(341): Illuminate\\Console\\Command->execute()
#36 C:\\Users\\chuite\\Documents\\GitHub\\torre_solento\\vendor\\laravel\\framework\\src\\Illuminate\\Console\\Command.php(182): Symfony\\Component\\Console\\Command\\Command->run()
#37 C:\\Users\\chuite\\Documents\\GitHub\\torre_solento\\vendor\\symfony\\console\\Application.php(1102): Illuminate\\Console\\Command->run()
#38 C:\\Users\\chuite\\Documents\\GitHub\\torre_solento\\vendor\\symfony\\console\\Application.php(356): Symfony\\Component\\Console\\Application->doRunCommand()
#39 C:\\Users\\chuite\\Documents\\GitHub\\torre_solento\\vendor\\symfony\\console\\Application.php(195): Symfony\\Component\\Console\\Application->doRun()
#40 C:\\Users\\chuite\\Documents\\GitHub\\torre_solento\\vendor\\laravel\\framework\\src\\Illuminate\\Foundation\\Console\\Kernel.php(198): Symfony\\Component\\Console\\Application->run()
#41 C:\\Users\\chuite\\Documents\\GitHub\\torre_solento\\artisan(12): Illuminate\\Foundation\\Console\\Kernel->handle()
#42 {main}
"} 
[2026-01-15 20:27:02] local.ERROR: SQLSTATE[HY000]: General error: 1 no such table: roles (Connection: sqlite, SQL: select * from "roles" where ("name" = admin) limit 1) {"exception":"[object] (Illuminate\\Database\\QueryException(code: HY000): SQLSTATE[HY000]: General error: 1 no such table: roles (Connection: sqlite, SQL: select * from \"roles\" where (\"name\" = admin) limit 1) at C:\\Users\\chuite\\Documents\\GitHub\\torre_solento\\vendor\\laravel\\framework\\src\\Illuminate\\Database\\Connection.php:825)
[stacktrace]
#0 C:\\Users\\chuite\\Documents\\GitHub\\torre_solento\\vendor\\laravel\\framework\\src\\Illuminate\\Database\\Connection.php(779): Illuminate\\Database\\Connection->runQueryCallback()
#1 C:\\Users\\chuite\\Documents\\GitHub\\torre_solento\\vendor\\laravel\\framework\\src\\Illuminate\\Database\\Connection.php(398): Illuminate\\Database\\Connection->run()
#2 C:\\Users\\chuite\\Documents\\GitHub\\torre_solento\\vendor\\laravel\\framework\\src\\Illuminate\\Database\\Query\\Builder.php(3106): Illuminate\\Database\\Connection->select()
#3 C:\\Users\\chuite\\Documents\\GitHub\\torre_solento\\vendor\\laravel\\framework\\src\\Illuminate\\Database\\Query\\Builder.php(3091): Illuminate\\Database\\Query\\Builder->runSelect()
#4 C:\\Users\\chuite\\Documents\\GitHub\\torre_solento\\vendor\\laravel\\framework\\src\\Illuminate\\Database\\Query\\Builder.php(3676): Illuminate\\Database\\Query\\Builder->{closure:Illuminate\\Database\\Query\\Builder::get():3090}()
#5 C:\\Users\\chuite\\Documents\\GitHub\\torre_solento\\vendor\\laravel\\framework\\src\\Illuminate\\Database\\Query\\Builder.php(3090): Illuminate\\Database\\Query\\Builder->onceWithColumns()
#6 C:\\Users\\chuite\\Documents\\GitHub\\torre_solento\\vendor\\laravel\\framework\\src\\Illuminate\\Database\\Eloquent\\Builder.php(811): Illuminate\\Database\\Query\\Builder->get()
#7 C:\\Users\\chuite\\Documents\\GitHub\\torre_solento\\vendor\\laravel\\framework\\src\\Illuminate\\Database\\Eloquent\\Builder.php(793): Illuminate\\Database\\Eloquent\\Builder->getModels()
#8 C:\\Users\\chuite\\Documents\\GitHub\\torre_solento\\vendor\\laravel\\framework\\src\\Illuminate\\Database\\Concerns\\BuildsQueries.php(343): Illuminate\\Database\\Eloquent\\Builder->get()
#9 C:\\Users\\chuite\\Documents\\GitHub\\torre_solento\\vendor\\laravel\\framework\\src\\Illuminate\\Database\\Eloquent\\Builder.php(617): Illuminate\\Database\\Eloquent\\Builder->first()
#10 C:\\Users\\chuite\\Documents\\GitHub\\torre_solento\\vendor\\laravel\\framework\\src\\Illuminate\\Support\\Traits\\ForwardsCalls.php(23): Illuminate\\Database\\Eloquent\\Builder->firstOrCreate()
#11 C:\\Users\\chuite\\Documents\\GitHub\\torre_solento\\vendor\\laravel\\framework\\src\\Illuminate\\Database\\Eloquent\\Model.php(2372): Illuminate\\Database\\Eloquent\\Model->forwardCallTo()
#12 C:\\Users\\chuite\\Documents\\GitHub\\torre_solento\\vendor\\laravel\\framework\\src\\Illuminate\\Database\\Eloquent\\Model.php(2384): Illuminate\\Database\\Eloquent\\Model->__call()
#13 C:\\Users\\chuite\\Documents\\GitHub\\torre_solento\\database\\seeders\\DatabaseSeeder.php(15): Illuminate\\Database\\Eloquent\\Model::__callStatic()
#14 C:\\Users\\chuite\\Documents\\GitHub\\torre_solento\\vendor\\laravel\\framework\\src\\Illuminate\\Container\\BoundMethod.php(36): Database\\Seeders\\DatabaseSeeder->run()
#15 C:\\Users\\chuite\\Documents\\GitHub\\torre_solento\\vendor\\laravel\\framework\\src\\Illuminate\\Container\\Util.php(43): Illuminate\\Container\\BoundMethod::{closure:Illuminate\\Container\\BoundMethod::call():35}()
#16 C:\\Users\\chuite\\Documents\\GitHub\\torre_solento\\vendor\\laravel\\framework\\src\\Illuminate\\Container\\BoundMethod.php(95): Illuminate\\Container\\Util::unwrapIfClosure()
#17 C:\\Users\\chuite\\Documents\\GitHub\\torre_solento\\vendor\\laravel\\framework\\src\\Illuminate\\Container\\BoundMethod.php(35): Illuminate\\Container\\BoundMethod::callBoundMethod()
#18 C:\\Users\\chuite\\Documents\\GitHub\\torre_solento\\vendor\\laravel\\framework\\src\\Illuminate\\Container\\Container.php(696): Illuminate\\Container\\BoundMethod::call()
#19 C:\\Users\\chuite\\Documents\\GitHub\\torre_solento\\vendor\\laravel\\framework\\src\\Illuminate\\Database\\Seeder.php(188): Illuminate\\Container\\Container->call()
#20 C:\\Users\\chuite\\Documents\\GitHub\\torre_solento\\vendor\\laravel\\framework\\src\\Illuminate\\Database\\Seeder.php(197): Illuminate\\Database\\Seeder->{closure:Illuminate\\Database\\Seeder::__invoke():187}()
#21 C:\\Users\\chuite\\Documents\\GitHub\\torre_solento\\vendor\\laravel\\framework\\src\\Illuminate\\Database\\Console\\Seeds\\SeedCommand.php(70): Illuminate\\Database\\Seeder->__invoke()
#22 C:\\Users\\chuite\\Documents\\GitHub\\torre_solento\\vendor\\laravel\\framework\\src\\Illuminate\\Database\\Eloquent\\Concerns\\GuardsAttributes.php(155): Illuminate\\Database\\Console\\Seeds\\SeedCommand->{closure:Illuminate\\Database\\Console\\Seeds\\SeedCommand::handle():69}()
#23 C:\\Users\\chuite\\Documents\\GitHub\\torre_solento\\vendor\\laravel\\framework\\src\\Illuminate\\Database\\Console\\Seeds\\SeedCommand.php(69): Illuminate\\Database\\Eloquent\\Model::unguarded()
#24 C:\\Users\\chuite\\Documents\\GitHub\\torre_solento\\vendor\\laravel\\framework\\src\\Illuminate\\Container\\BoundMethod.php(36): Illuminate\\Database\\Console\\Seeds\\SeedCommand->handle()
#25 C:\\Users\\chuite\\Documents\\GitHub\\torre_solento\\vendor\\laravel\\framework\\src\\Illuminate\\Container\\Util.php(43): Illuminate\\Container\\BoundMethod::{closure:Illuminate\\Container\\BoundMethod::call():35}()
#26 C:\\Users\\chuite\\Documents\\GitHub\\torre_solento\\vendor\\laravel\\framework\\src\\Illuminate\\Container\\BoundMethod.php(95): Illuminate\\Container\\Util::unwrapIfClosure()
#27 C:\\Users\\chuite\\Documents\\GitHub\\torre_solento\\vendor\\laravel\\framework\\src\\Illuminate\\Container\\BoundMethod.php(35): Illuminate\\Container\\BoundMethod::callBoundMethod()
#28 C:\\Users\\chuite\\Documents\\GitHub\\torre_solento\\vendor\\laravel\\framework\\src\\Illuminate\\Container\\Container.php(696): Illuminate\\Container\\BoundMethod::call()
#29 C:\\Users\\chuite\\Documents\\GitHub\\torre_solento\\vendor\\laravel\\framework\\src\\Illuminate\\Console\\Command.php(213): Illuminate\\Container\\Container->call()
#30 C:\\Users\\chuite\\Documents\\GitHub\\torre_solento\\vendor\\symfony\\console\\Command\\Command.php(341): Illuminate\\Console\\Command->execute()
#31 C:\\Users\\chuite\\Documents\\GitHub\\torre_solento\\vendor\\laravel\\framework\\src\\Illuminate\\Console\\Command.php(182): Symfony\\Component\\Console\\Command\\Command->run()
#32 C:\\Users\\chuite\\Documents\\GitHub\\torre_solento\\vendor\\symfony\\console\\Application.php(1102): Illuminate\\Console\\Command->run()
#33 C:\\Users\\chuite\\Documents\\GitHub\\torre_solento\\vendor\\symfony\\console\\Application.php(356): Symfony\\Component\\Console\\Application->doRunCommand()
#34 C:\\Users\\chuite\\Documents\\GitHub\\torre_solento\\vendor\\symfony\\console\\Application.php(195): Symfony\\Component\\Console\\Application->doRun()
#35 C:\\Users\\chuite\\Documents\\GitHub\\torre_solento\\vendor\\laravel\\framework\\src\\Illuminate\\Foundation\\Console\\Kernel.php(198): Symfony\\Component\\Console\\Application->run()
#36 C:\\Users\\chuite\\Documents\\GitHub\\torre_solento\\artisan(12): Illuminate\\Foundation\\Console\\Kernel->handle()
#37 {main}

[previous exception] [object] (PDOException(code: HY000): SQLSTATE[HY000]: General error: 1 no such table: roles at C:\\Users\\chuite\\Documents\\GitHub\\torre_solento\\vendor\\laravel\\framework\\src\\Illuminate\\Database\\Connection.php:407)
[stacktrace]
#0 C:\\Users\\chuite\\Documents\\GitHub\\torre_solento\\vendor\\laravel\\framework\\src\\Illuminate\\Database\\Connection.php(407): PDO->prepare()
#1 C:\\Users\\chuite\\Documents\\GitHub\\torre_solento\\vendor\\laravel\\framework\\src\\Illuminate\\Database\\Connection.php(812): Illuminate\\Database\\Connection->{closure:Illuminate\\Database\\Connection::select():398}()
#2 C:\\Users\\chuite\\Documents\\GitHub\\torre_solento\\vendor\\laravel\\framework\\src\\Illuminate\\Database\\Connection.php(779): Illuminate\\Database\\Connection->runQueryCallback()
#3 C:\\Users\\chuite\\Documents\\GitHub\\torre_solento\\vendor\\laravel\\framework\\src\\Illuminate\\Database\\Connection.php(398): Illuminate\\Database\\Connection->run()
#4 C:\\Users\\chuite\\Documents\\GitHub\\torre_solento\\vendor\\laravel\\framework\\src\\Illuminate\\Database\\Query\\Builder.php(3106): Illuminate\\Database\\Connection->select()
#5 C:\\Users\\chuite\\Documents\\GitHub\\torre_solento\\vendor\\laravel\\framework\\src\\Illuminate\\Database\\Query\\Builder.php(3091): Illuminate\\Database\\Query\\Builder->runSelect()
#6 C:\\Users\\chuite\\Documents\\GitHub\\torre_solento\\vendor\\laravel\\framework\\src\\Illuminate\\Database\\Query\\Builder.php(3676): Illuminate\\Database\\Query\\Builder->{closure:Illuminate\\Database\\Query\\Builder::get():3090}()
#7 C:\\Users\\chuite\\Documents\\GitHub\\torre_solento\\vendor\\laravel\\framework\\src\\Illuminate\\Database\\Query\\Builder.php(3090): Illuminate\\Database\\Query\\Builder->onceWithColumns()
#8 C:\\Users\\chuite\\Documents\\GitHub\\torre_solento\\vendor\\laravel\\framework\\src\\Illuminate\\Database\\Eloquent\\Builder.php(811): Illuminate\\Database\\Query\\Builder->get()
#9 C:\\Users\\chuite\\Documents\\GitHub\\torre_solento\\vendor\\laravel\\framework\\src\\Illuminate\\Database\\Eloquent\\Builder.php(793): Illuminate\\Database\\Eloquent\\Builder->getModels()
#10 C:\\Users\\chuite\\Documents\\GitHub\\torre_solento\\vendor\\laravel\\framework\\src\\Illuminate\\Database\\Concerns\\BuildsQueries.php(343): Illuminate\\Database\\Eloquent\\Builder->get()
#11 C:\\Users\\chuite\\Documents\\GitHub\\torre_solento\\vendor\\laravel\\framework\\src\\Illuminate\\Database\\Eloquent\\Builder.php(617): Illuminate\\Database\\Eloquent\\Builder->first()
#12 C:\\Users\\chuite\\Documents\\GitHub\\torre_solento\\vendor\\laravel\\framework\\src\\Illuminate\\Support\\Traits\\ForwardsCalls.php(23): Illuminate\\Database\\Eloquent\\Builder->firstOrCreate()
#13 C:\\Users\\chuite\\Documents\\GitHub\\torre_solento\\vendor\\laravel\\framework\\src\\Illuminate\\Database\\Eloquent\\Model.php(2372): Illuminate\\Database\\Eloquent\\Model->forwardCallTo()
#14 C:\\Users\\chuite\\Documents\\GitHub\\torre_solento\\vendor\\laravel\\framework\\src\\Illuminate\\Database\\Eloquent\\Model.php(2384): Illuminate\\Database\\Eloquent\\Model->__call()
#15 C:\\Users\\chuite\\Documents\\GitHub\\torre_solento\\database\\seeders\\DatabaseSeeder.php(15): Illuminate\\Database\\Eloquent\\Model::__callStatic()
#16 C:\\Users\\chuite\\Documents\\GitHub\\torre_solento\\vendor\\laravel\\framework\\src\\Illuminate\\Container\\BoundMethod.php(36): Database\\Seeders\\DatabaseSeeder->run()
#17 C:\\Users\\chuite\\Documents\\GitHub\\torre_solento\\vendor\\laravel\\framework\\src\\Illuminate\\Container\\Util.php(43): Illuminate\\Container\\BoundMethod::{closure:Illuminate\\Container\\BoundMethod::call():35}()
#18 C:\\Users\\chuite\\Documents\\GitHub\\torre_solento\\vendor\\laravel\\framework\\src\\Illuminate\\Container\\BoundMethod.php(95): Illuminate\\Container\\Util::unwrapIfClosure()
#19 C:\\Users\\chuite\\Documents\\GitHub\\torre_solento\\vendor\\laravel\\framework\\src\\Illuminate\\Container\\BoundMethod.php(35): Illuminate\\Container\\BoundMethod::callBoundMethod()
#20 C:\\Users\\chuite\\Documents\\GitHub\\torre_solento\\vendor\\laravel\\framework\\src\\Illuminate\\Container\\Container.php(696): Illuminate\\Container\\BoundMethod::call()
#21 C:\\Users\\chuite\\Documents\\GitHub\\torre_solento\\vendor\\laravel\\framework\\src\\Illuminate\\Database\\Seeder.php(188): Illuminate\\Container\\Container->call()
#22 C:\\Users\\chuite\\Documents\\GitHub\\torre_solento\\vendor\\laravel\\framework\\src\\Illuminate\\Database\\Seeder.php(197): Illuminate\\Database\\Seeder->{closure:Illuminate\\Database\\Seeder::__invoke():187}()
#23 C:\\Users\\chuite\\Documents\\GitHub\\torre_solento\\vendor\\laravel\\framework\\src\\Illuminate\\Database\\Console\\Seeds\\SeedCommand.php(70): Illuminate\\Database\\Seeder->__invoke()
#24 C:\\Users\\chuite\\Documents\\GitHub\\torre_solento\\vendor\\laravel\\framework\\src\\Illuminate\\Database\\Eloquent\\Concerns\\GuardsAttributes.php(155): Illuminate\\Database\\Console\\Seeds\\SeedCommand->{closure:Illuminate\\Database\\Console\\Seeds\\SeedCommand::handle():69}()
#25 C:\\Users\\chuite\\Documents\\GitHub\\torre_solento\\vendor\\laravel\\framework\\src\\Illuminate\\Database\\Console\\Seeds\\SeedCommand.php(69): Illuminate\\Database\\Eloquent\\Model::unguarded()
#26 C:\\Users\\chuite\\Documents\\GitHub\\torre_solento\\vendor\\laravel\\framework\\src\\Illuminate\\Container\\BoundMethod.php(36): Illuminate\\Database\\Console\\Seeds\\SeedCommand->handle()
#27 C:\\Users\\chuite\\Documents\\GitHub\\torre_solento\\vendor\\laravel\\framework\\src\\Illuminate\\Container\\Util.php(43): Illuminate\\Container\\BoundMethod::{closure:Illuminate\\Container\\BoundMethod::call():35}()
#28 C:\\Users\\chuite\\Documents\\GitHub\\torre_solento\\vendor\\laravel\\framework\\src\\Illuminate\\Container\\BoundMethod.php(95): Illuminate\\Container\\Util::unwrapIfClosure()
#29 C:\\Users\\chuite\\Documents\\GitHub\\torre_solento\\vendor\\laravel\\framework\\src\\Illuminate\\Container\\BoundMethod.php(35): Illuminate\\Container\\BoundMethod::callBoundMethod()
#30 C:\\Users\\chuite\\Documents\\GitHub\\torre_solento\\vendor\\laravel\\framework\\src\\Illuminate\\Container\\Container.php(696): Illuminate\\Container\\BoundMethod::call()
#31 C:\\Users\\chuite\\Documents\\GitHub\\torre_solento\\vendor\\laravel\\framework\\src\\Illuminate\\Console\\Command.php(213): Illuminate\\Container\\Container->call()
#32 C:\\Users\\chuite\\Documents\\GitHub\\torre_solento\\vendor\\symfony\\console\\Command\\Command.php(341): Illuminate\\Console\\Command->execute()
#33 C:\\Users\\chuite\\Documents\\GitHub\\torre_solento\\vendor\\laravel\\framework\\src\\Illuminate\\Console\\Command.php(182): Symfony\\Component\\Console\\Command\\Command->run()
#34 C:\\Users\\chuite\\Documents\\GitHub\\torre_solento\\vendor\\symfony\\console\\Application.php(1102): Illuminate\\Console\\Command->run()
#35 C:\\Users\\chuite\\Documents\\GitHub\\torre_solento\\vendor\\symfony\\console\\Application.php(356): Symfony\\Component\\Console\\Application->doRunCommand()
#36 C:\\Users\\chuite\\Documents\\GitHub\\torre_solento\\vendor\\symfony\\console\\Application.php(195): Symfony\\Component\\Console\\Application->doRun()
#37 C:\\Users\\chuite\\Documents\\GitHub\\torre_solento\\vendor\\laravel\\framework\\src\\Illuminate\\Foundation\\Console\\Kernel.php(198): Symfony\\Component\\Console\\Application->run()
#38 C:\\Users\\chuite\\Documents\\GitHub\\torre_solento\\artisan(12): Illuminate\\Foundation\\Console\\Kernel->handle()
#39 {main}
"} 
[2026-01-15 20:32:19] local.ERROR: The provided cwd "C:\Users\chuite\Documents\GitHub\torre_solento\public" does not exist. {"exception":"[object] (Symfony\\Component\\Process\\Exception\\RuntimeException(code: 0): The provided cwd \"C:\\Users\\chuite\\Documents\\GitHub\\torre_solento\\public\" does not exist. at C:\\Users\\chuite\\Documents\\GitHub\\torre_solento\\vendor\\symfony\\process\\Process.php:347)
[stacktrace]
#0 C:\\Users\\chuite\\Documents\\GitHub\\torre_solento\\vendor\\laravel\\framework\\src\\Illuminate\\Foundation\\Console\\ServeCommand.php(190): Symfony\\Component\\Process\\Process->start()
#1 C:\\Users\\chuite\\Documents\\GitHub\\torre_solento\\vendor\\laravel\\framework\\src\\Illuminate\\Foundation\\Console\\ServeCommand.php(129): Illuminate\\Foundation\\Console\\ServeCommand->startProcess()
#2 C:\\Users\\chuite\\Documents\\GitHub\\torre_solento\\vendor\\laravel\\framework\\src\\Illuminate\\Container\\BoundMethod.php(36): Illuminate\\Foundation\\Console\\ServeCommand->handle()
#3 C:\\Users\\chuite\\Documents\\GitHub\\torre_solento\\vendor\\laravel\\framework\\src\\Illuminate\\Container\\Util.php(43): Illuminate\\Container\\BoundMethod::{closure:Illuminate\\Container\\BoundMethod::call():35}()
#4 C:\\Users\\chuite\\Documents\\GitHub\\torre_solento\\vendor\\laravel\\framework\\src\\Illuminate\\Container\\BoundMethod.php(95): Illuminate\\Container\\Util::unwrapIfClosure()
#5 C:\\Users\\chuite\\Documents\\GitHub\\torre_solento\\vendor\\laravel\\framework\\src\\Illuminate\\Container\\BoundMethod.php(35): Illuminate\\Container\\BoundMethod::callBoundMethod()
#6 C:\\Users\\chuite\\Documents\\GitHub\\torre_solento\\vendor\\laravel\\framework\\src\\Illuminate\\Container\\Container.php(696): Illuminate\\Container\\BoundMethod::call()
#7 C:\\Users\\chuite\\Documents\\GitHub\\torre_solento\\vendor\\laravel\\framework\\src\\Illuminate\\Console\\Command.php(213): Illuminate\\Container\\Container->call()
#8 C:\\Users\\chuite\\Documents\\GitHub\\torre_solento\\vendor\\symfony\\console\\Command\\Command.php(341): Illuminate\\Console\\Command->execute()
#9 C:\\Users\\chuite\\Documents\\GitHub\\torre_solento\\vendor\\laravel\\framework\\src\\Illuminate\\Console\\Command.php(182): Symfony\\Component\\Console\\Command\\Command->run()
#10 C:\\Users\\chuite\\Documents\\GitHub\\torre_solento\\vendor\\symfony\\console\\Application.php(1102): Illuminate\\Console\\Command->run()
#11 C:\\Users\\chuite\\Documents\\GitHub\\torre_solento\\vendor\\symfony\\console\\Application.php(356): Symfony\\Component\\Console\\Application->doRunCommand()
#12 C:\\Users\\chuite\\Documents\\GitHub\\torre_solento\\vendor\\symfony\\console\\Application.php(195): Symfony\\Component\\Console\\Application->doRun()
#13 C:\\Users\\chuite\\Documents\\GitHub\\torre_solento\\vendor\\laravel\\framework\\src\\Illuminate\\Foundation\\Console\\Kernel.php(198): Symfony\\Component\\Console\\Application->run()
#14 C:\\Users\\chuite\\Documents\\GitHub\\torre_solento\\artisan(12): Illuminate\\Foundation\\Console\\Kernel->handle()
#15 {main}
"} 
[2026-01-15 21:26:46] local.ERROR: SQLSTATE[23000]: Integrity constraint violation: 19 NOT NULL constraint failed: resident_profiles.full_name (Connection: sqlite, SQL: insert into "resident_profiles" ("user_id", "updated_at", "created_at") values (1, 2026-01-15 21:26:46, 2026-01-15 21:26:46)) {"userId":1,"exception":"[object] (Illuminate\\Database\\QueryException(code: 23000): SQLSTATE[23000]: Integrity constraint violation: 19 NOT NULL constraint failed: resident_profiles.full_name (Connection: sqlite, SQL: insert into \"resident_profiles\" (\"user_id\", \"updated_at\", \"created_at\") values (1, 2026-01-15 21:26:46, 2026-01-15 21:26:46)) at C:\\Users\\chuite\\Documents\\GitHub\\torre_solento\\vendor\\laravel\\framework\\src\\Illuminate\\Database\\Connection.php:825)
[stacktrace]
#0 C:\\Users\\chuite\\Documents\\GitHub\\torre_solento\\vendor\\laravel\\framework\\src\\Illuminate\\Database\\Connection.php(779): Illuminate\\Database\\Connection->runQueryCallback()
#1 C:\\Users\\chuite\\Documents\\GitHub\\torre_solento\\vendor\\laravel\\framework\\src\\Illuminate\\Database\\Connection.php(560): Illuminate\\Database\\Connection->run()
#2 C:\\Users\\chuite\\Documents\\GitHub\\torre_solento\\vendor\\laravel\\framework\\src\\Illuminate\\Database\\Connection.php(524): Illuminate\\Database\\Connection->statement()
#3 C:\\Users\\chuite\\Documents\\GitHub\\torre_solento\\vendor\\laravel\\framework\\src\\Illuminate\\Database\\Query\\Processors\\Processor.php(32): Illuminate\\Database\\Connection->insert()
#4 C:\\Users\\chuite\\Documents\\GitHub\\torre_solento\\vendor\\laravel\\framework\\src\\Illuminate\\Database\\Query\\Builder.php(3766): Illuminate\\Database\\Query\\Processors\\Processor->processInsertGetId()
#5 C:\\Users\\chuite\\Documents\\GitHub\\torre_solento\\vendor\\laravel\\framework\\src\\Illuminate\\Database\\Eloquent\\Builder.php(2120): Illuminate\\Database\\Query\\Builder->insertGetId()
#6 C:\\Users\\chuite\\Documents\\GitHub\\torre_solento\\vendor\\laravel\\framework\\src\\Illuminate\\Database\\Eloquent\\Model.php(1359): Illuminate\\Database\\Eloquent\\Builder->__call()
#7 C:\\Users\\chuite\\Documents\\GitHub\\torre_solento\\vendor\\laravel\\framework\\src\\Illuminate\\Database\\Eloquent\\Model.php(1324): Illuminate\\Database\\Eloquent\\Model->insertAndSetId()
#8 C:\\Users\\chuite\\Documents\\GitHub\\torre_solento\\vendor\\laravel\\framework\\src\\Illuminate\\Database\\Eloquent\\Model.php(1163): Illuminate\\Database\\Eloquent\\Model->performInsert()
#9 C:\\Users\\chuite\\Documents\\GitHub\\torre_solento\\vendor\\laravel\\framework\\src\\Illuminate\\Database\\Eloquent\\Builder.php(1128): Illuminate\\Database\\Eloquent\\Model->save()
#10 C:\\Users\\chuite\\Documents\\GitHub\\torre_solento\\vendor\\laravel\\framework\\src\\Illuminate\\Support\\helpers.php(399): Illuminate\\Database\\Eloquent\\Builder->{closure:Illuminate\\Database\\Eloquent\\Builder::create():1127}()
#11 C:\\Users\\chuite\\Documents\\GitHub\\torre_solento\\vendor\\laravel\\framework\\src\\Illuminate\\Database\\Eloquent\\Builder.php(1127): tap()
#12 C:\\Users\\chuite\\Documents\\GitHub\\torre_solento\\vendor\\laravel\\framework\\src\\Illuminate\\Database\\Eloquent\\Builder.php(634): Illuminate\\Database\\Eloquent\\Builder->create()
#13 C:\\Users\\chuite\\Documents\\GitHub\\torre_solento\\vendor\\laravel\\framework\\src\\Illuminate\\Database\\Eloquent\\Builder.php(1864): Illuminate\\Database\\Eloquent\\Builder->{closure:Illuminate\\Database\\Eloquent\\Builder::createOrFirst():634}()
#14 C:\\Users\\chuite\\Documents\\GitHub\\torre_solento\\vendor\\laravel\\framework\\src\\Illuminate\\Database\\Eloquent\\Builder.php(634): Illuminate\\Database\\Eloquent\\Builder->withSavepointIfNeeded()
#15 C:\\Users\\chuite\\Documents\\GitHub\\torre_solento\\vendor\\laravel\\framework\\src\\Illuminate\\Database\\Eloquent\\Builder.php(621): Illuminate\\Database\\Eloquent\\Builder->createOrFirst()
#16 C:\\Users\\chuite\\Documents\\GitHub\\torre_solento\\vendor\\laravel\\framework\\src\\Illuminate\\Support\\Traits\\ForwardsCalls.php(23): Illuminate\\Database\\Eloquent\\Builder->firstOrCreate()
#17 C:\\Users\\chuite\\Documents\\GitHub\\torre_solento\\vendor\\laravel\\framework\\src\\Illuminate\\Database\\Eloquent\\Model.php(2372): Illuminate\\Database\\Eloquent\\Model->forwardCallTo()
#18 C:\\Users\\chuite\\Documents\\GitHub\\torre_solento\\vendor\\laravel\\framework\\src\\Illuminate\\Database\\Eloquent\\Model.php(2384): Illuminate\\Database\\Eloquent\\Model->__call()
#19 C:\\Users\\chuite\\Documents\\GitHub\\torre_solento\\app\\Http\\Controllers\\ProfileController.php(13): Illuminate\\Database\\Eloquent\\Model::__callStatic()
#20 C:\\Users\\chuite\\Documents\\GitHub\\torre_solento\\vendor\\laravel\\framework\\src\\Illuminate\\Routing\\Controller.php(54): App\\Http\\Controllers\\ProfileController->edit()
#21 C:\\Users\\chuite\\Documents\\GitHub\\torre_solento\\vendor\\laravel\\framework\\src\\Illuminate\\Routing\\ControllerDispatcher.php(44): Illuminate\\Routing\\Controller->callAction()
#22 C:\\Users\\chuite\\Documents\\GitHub\\torre_solento\\vendor\\laravel\\framework\\src\\Illuminate\\Routing\\Route.php(266): Illuminate\\Routing\\ControllerDispatcher->dispatch()
#23 C:\\Users\\chuite\\Documents\\GitHub\\torre_solento\\vendor\\laravel\\framework\\src\\Illuminate\\Routing\\Route.php(212): Illuminate\\Routing\\Route->runController()
#24 C:\\Users\\chuite\\Documents\\GitHub\\torre_solento\\vendor\\laravel\\framework\\src\\Illuminate\\Routing\\Router.php(808): Illuminate\\Routing\\Route->run()
#25 C:\\Users\\chuite\\Documents\\GitHub\\torre_solento\\vendor\\laravel\\framework\\src\\Illuminate\\Pipeline\\Pipeline.php(170): Illuminate\\Routing\\Router->{closure:Illuminate\\Routing\\Router::runRouteWithinStack():807}()
#26 C:\\Users\\chuite\\Documents\\GitHub\\torre_solento\\vendor\\laravel\\framework\\src\\Illuminate\\Routing\\Middleware\\SubstituteBindings.php(51): Illuminate\\Pipeline\\Pipeline->{closure:Illuminate\\Pipeline\\Pipeline::prepareDestination():168}()
#27 C:\\Users\\chuite\\Documents\\GitHub\\torre_solento\\vendor\\laravel\\framework\\src\\Illuminate\\Pipeline\\Pipeline.php(209): Illuminate\\Routing\\Middleware\\SubstituteBindings->handle()
#28 C:\\Users\\chuite\\Documents\\GitHub\\torre_solento\\vendor\\laravel\\framework\\src\\Illuminate\\Auth\\Middleware\\Authenticate.php(64): Illuminate\\Pipeline\\Pipeline->{closure:{closure:Illuminate\\Pipeline\\Pipeline::carry():184}:185}()
#29 C:\\Users\\chuite\\Documents\\GitHub\\torre_solento\\vendor\\laravel\\framework\\src\\Illuminate\\Pipeline\\Pipeline.php(209): Illuminate\\Auth\\Middleware\\Authenticate->handle()
#30 C:\\Users\\chuite\\Documents\\GitHub\\torre_solento\\vendor\\laravel\\framework\\src\\Illuminate\\Foundation\\Http\\Middleware\\VerifyCsrfToken.php(88): Illuminate\\Pipeline\\Pipeline->{closure:{closure:Illuminate\\Pipeline\\Pipeline::carry():184}:185}()
#31 C:\\Users\\chuite\\Documents\\GitHub\\torre_solento\\vendor\\laravel\\framework\\src\\Illuminate\\Pipeline\\Pipeline.php(209): Illuminate\\Foundation\\Http\\Middleware\\VerifyCsrfToken->handle()
#32 C:\\Users\\chuite\\Documents\\GitHub\\torre_solento\\vendor\\laravel\\framework\\src\\Illuminate\\View\\Middleware\\ShareErrorsFromSession.php(49): Illuminate\\Pipeline\\Pipeline->{closure:{closure:Illuminate\\Pipeline\\Pipeline::carry():184}:185}()
#33 C:\\Users\\chuite\\Documents\\GitHub\\torre_solento\\vendor\\laravel\\framework\\src\\Illuminate\\Pipeline\\Pipeline.php(209): Illuminate\\View\\Middleware\\ShareErrorsFromSession->handle()
#34 C:\\Users\\chuite\\Documents\\GitHub\\torre_solento\\vendor\\laravel\\framework\\src\\Illuminate\\Session\\Middleware\\StartSession.php(121): Illuminate\\Pipeline\\Pipeline->{closure:{closure:Illuminate\\Pipeline\\Pipeline::carry():184}:185}()
#35 C:\\Users\\chuite\\Documents\\GitHub\\torre_solento\\vendor\\laravel\\framework\\src\\Illuminate\\Session\\Middleware\\StartSession.php(64): Illuminate\\Session\\Middleware\\StartSession->handleStatefulRequest()
#36 C:\\Users\\chuite\\Documents\\GitHub\\torre_solento\\vendor\\laravel\\framework\\src\\Illuminate\\Pipeline\\Pipeline.php(209): Illuminate\\Session\\Middleware\\StartSession->handle()
#37 C:\\Users\\chuite\\Documents\\GitHub\\torre_solento\\vendor\\laravel\\framework\\src\\Illuminate\\Cookie\\Middleware\\AddQueuedCookiesToResponse.php(37): Illuminate\\Pipeline\\Pipeline->{closure:{closure:Illuminate\\Pipeline\\Pipeline::carry():184}:185}()
#38 C:\\Users\\chuite\\Documents\\GitHub\\torre_solento\\vendor\\laravel\\framework\\src\\Illuminate\\Pipeline\\Pipeline.php(209): Illuminate\\Cookie\\Middleware\\AddQueuedCookiesToResponse->handle()
#39 C:\\Users\\chuite\\Documents\\GitHub\\torre_solento\\vendor\\laravel\\framework\\src\\Illuminate\\Cookie\\Middleware\\EncryptCookies.php(75): Illuminate\\Pipeline\\Pipeline->{closure:{closure:Illuminate\\Pipeline\\Pipeline::carry():184}:185}()
#40 C:\\Users\\chuite\\Documents\\GitHub\\torre_solento\\vendor\\laravel\\framework\\src\\Illuminate\\Pipeline\\Pipeline.php(209): Illuminate\\Cookie\\Middleware\\EncryptCookies->handle()
#41 C:\\Users\\chuite\\Documents\\GitHub\\torre_solento\\vendor\\laravel\\framework\\src\\Illuminate\\Pipeline\\Pipeline.php(127): Illuminate\\Pipeline\\Pipeline->{closure:{closure:Illuminate\\Pipeline\\Pipeline::carry():184}:185}()
#42 C:\\Users\\chuite\\Documents\\GitHub\\torre_solento\\vendor\\laravel\\framework\\src\\Illuminate\\Routing\\Router.php(807): Illuminate\\Pipeline\\Pipeline->then()
#43 C:\\Users\\chuite\\Documents\\GitHub\\torre_solento\\vendor\\laravel\\framework\\src\\Illuminate\\Routing\\Router.php(786): Illuminate\\Routing\\Router->runRouteWithinStack()
#44 C:\\Users\\chuite\\Documents\\GitHub\\torre_solento\\vendor\\laravel\\framework\\src\\Illuminate\\Routing\\Router.php(750): Illuminate\\Routing\\Router->runRoute()
#45 C:\\Users\\chuite\\Documents\\GitHub\\torre_solento\\vendor\\laravel\\framework\\src\\Illuminate\\Routing\\Router.php(739): Illuminate\\Routing\\Router->dispatchToRoute()
#46 C:\\Users\\chuite\\Documents\\GitHub\\torre_solento\\vendor\\laravel\\framework\\src\\Illuminate\\Foundation\\Http\\Kernel.php(201): Illuminate\\Routing\\Router->dispatch()
#47 C:\\Users\\chuite\\Documents\\GitHub\\torre_solento\\vendor\\laravel\\framework\\src\\Illuminate\\Pipeline\\Pipeline.php(170): Illuminate\\Foundation\\Http\\Kernel->{closure:Illuminate\\Foundation\\Http\\Kernel::dispatchToRouter():198}()
#48 C:\\Users\\chuite\\Documents\\GitHub\\torre_solento\\vendor\\laravel\\framework\\src\\Illuminate\\Foundation\\Http\\Middleware\\TransformsRequest.php(21): Illuminate\\Pipeline\\Pipeline->{closure:Illuminate\\Pipeline\\Pipeline::prepareDestination():168}()
#49 C:\\Users\\chuite\\Documents\\GitHub\\torre_solento\\vendor\\laravel\\framework\\src\\Illuminate\\Foundation\\Http\\Middleware\\ConvertEmptyStringsToNull.php(31): Illuminate\\Foundation\\Http\\Middleware\\TransformsRequest->handle()
#50 C:\\Users\\chuite\\Documents\\GitHub\\torre_solento\\vendor\\laravel\\framework\\src\\Illuminate\\Pipeline\\Pipeline.php(209): Illuminate\\Foundation\\Http\\Middleware\\ConvertEmptyStringsToNull->handle()
#51 C:\\Users\\chuite\\Documents\\GitHub\\torre_solento\\vendor\\laravel\\framework\\src\\Illuminate\\Foundation\\Http\\Middleware\\TransformsRequest.php(21): Illuminate\\Pipeline\\Pipeline->{closure:{closure:Illuminate\\Pipeline\\Pipeline::carry():184}:185}()
#52 C:\\Users\\chuite\\Documents\\GitHub\\torre_solento\\vendor\\laravel\\framework\\src\\Illuminate\\Foundation\\Http\\Middleware\\TrimStrings.php(51): Illuminate\\Foundation\\Http\\Middleware\\TransformsRequest->handle()
#53 C:\\Users\\chuite\\Documents\\GitHub\\torre_solento\\vendor\\laravel\\framework\\src\\Illuminate\\Pipeline\\Pipeline.php(209): Illuminate\\Foundation\\Http\\Middleware\\TrimStrings->handle()
#54 C:\\Users\\chuite\\Documents\\GitHub\\torre_solento\\vendor\\laravel\\framework\\src\\Illuminate\\Http\\Middleware\\ValidatePostSize.php(27): Illuminate\\Pipeline\\Pipeline->{closure:{closure:Illuminate\\Pipeline\\Pipeline::carry():184}:185}()
#55 C:\\Users\\chuite\\Documents\\GitHub\\torre_solento\\vendor\\laravel\\framework\\src\\Illuminate\\Pipeline\\Pipeline.php(209): Illuminate\\Http\\Middleware\\ValidatePostSize->handle()
#56 C:\\Users\\chuite\\Documents\\GitHub\\torre_solento\\vendor\\laravel\\framework\\src\\Illuminate\\Foundation\\Http\\Middleware\\PreventRequestsDuringMaintenance.php(110): Illuminate\\Pipeline\\Pipeline->{closure:{closure:Illuminate\\Pipeline\\Pipeline::carry():184}:185}()
#57 C:\\Users\\chuite\\Documents\\GitHub\\torre_solento\\vendor\\laravel\\framework\\src\\Illuminate\\Pipeline\\Pipeline.php(209): Illuminate\\Foundation\\Http\\Middleware\\PreventRequestsDuringMaintenance->handle()
#58 C:\\Users\\chuite\\Documents\\GitHub\\torre_solento\\vendor\\laravel\\framework\\src\\Illuminate\\Http\\Middleware\\HandleCors.php(49): Illuminate\\Pipeline\\Pipeline->{closure:{closure:Illuminate\\Pipeline\\Pipeline::carry():184}:185}()
#59 C:\\Users\\chuite\\Documents\\GitHub\\torre_solento\\vendor\\laravel\\framework\\src\\Illuminate\\Pipeline\\Pipeline.php(209): Illuminate\\Http\\Middleware\\HandleCors->handle()
#60 C:\\Users\\chuite\\Documents\\GitHub\\torre_solento\\vendor\\laravel\\framework\\src\\Illuminate\\Http\\Middleware\\TrustProxies.php(58): Illuminate\\Pipeline\\Pipeline->{closure:{closure:Illuminate\\Pipeline\\Pipeline::carry():184}:185}()
#61 C:\\Users\\chuite\\Documents\\GitHub\\torre_solento\\vendor\\laravel\\framework\\src\\Illuminate\\Pipeline\\Pipeline.php(209): Illuminate\\Http\\Middleware\\TrustProxies->handle()
#62 C:\\Users\\chuite\\Documents\\GitHub\\torre_solento\\vendor\\laravel\\framework\\src\\Illuminate\\Foundation\\Http\\Middleware\\InvokeDeferredCallbacks.php(22): Illuminate\\Pipeline\\Pipeline->{closure:{closure:Illuminate\\Pipeline\\Pipeline::carry():184}:185}()
#63 C:\\Users\\chuite\\Documents\\GitHub\\torre_solento\\vendor\\laravel\\framework\\src\\Illuminate\\Pipeline\\Pipeline.php(209): Illuminate\\Foundation\\Http\\Middleware\\InvokeDeferredCallbacks->handle()
#64 C:\\Users\\chuite\\Documents\\GitHub\\torre_solento\\vendor\\laravel\\framework\\src\\Illuminate\\Pipeline\\Pipeline.php(127): Illuminate\\Pipeline\\Pipeline->{closure:{closure:Illuminate\\Pipeline\\Pipeline::carry():184}:185}()
#65 C:\\Users\\chuite\\Documents\\GitHub\\torre_solento\\vendor\\laravel\\framework\\src\\Illuminate\\Foundation\\Http\\Kernel.php(176): Illuminate\\Pipeline\\Pipeline->then()
#66 C:\\Users\\chuite\\Documents\\GitHub\\torre_solento\\vendor\\laravel\\framework\\src\\Illuminate\\Foundation\\Http\\Kernel.php(145): Illuminate\\Foundation\\Http\\Kernel->sendRequestThroughRouter()
#67 C:\\Users\\chuite\\Documents\\GitHub\\torre_solento\\vendor\\laravel\\framework\\src\\Illuminate\\Foundation\\Application.php(1220): Illuminate\\Foundation\\Http\\Kernel->handle()
#68 C:\\Users\\chuite\\Documents\\GitHub\\torre_solento\\public\\index.php(17): Illuminate\\Foundation\\Application->handleRequest()
#69 C:\\Users\\chuite\\Documents\\GitHub\\torre_solento\\vendor\\laravel\\framework\\src\\Illuminate\\Foundation\\resources\\server.php(23): require_once('...')
#70 {main}

[previous exception] [object] (PDOException(code: 23000): SQLSTATE[23000]: Integrity constraint violation: 19 NOT NULL constraint failed: resident_profiles.full_name at C:\\Users\\chuite\\Documents\\GitHub\\torre_solento\\vendor\\laravel\\framework\\src\\Illuminate\\Database\\Connection.php:571)
[stacktrace]
#0 C:\\Users\\chuite\\Documents\\GitHub\\torre_solento\\vendor\\laravel\\framework\\src\\Illuminate\\Database\\Connection.php(571): PDOStatement->execute()
#1 C:\\Users\\chuite\\Documents\\GitHub\\torre_solento\\vendor\\laravel\\framework\\src\\Illuminate\\Database\\Connection.php(812): Illuminate\\Database\\Connection->{closure:Illuminate\\Database\\Connection::statement():560}()
#2 C:\\Users\\chuite\\Documents\\GitHub\\torre_solento\\vendor\\laravel\\framework\\src\\Illuminate\\Database\\Connection.php(779): Illuminate\\Database\\Connection->runQueryCallback()
#3 C:\\Users\\chuite\\Documents\\GitHub\\torre_solento\\vendor\\laravel\\framework\\src\\Illuminate\\Database\\Connection.php(560): Illuminate\\Database\\Connection->run()
#4 C:\\Users\\chuite\\Documents\\GitHub\\torre_solento\\vendor\\laravel\\framework\\src\\Illuminate\\Database\\Connection.php(524): Illuminate\\Database\\Connection->statement()
#5 C:\\Users\\chuite\\Documents\\GitHub\\torre_solento\\vendor\\laravel\\framework\\src\\Illuminate\\Database\\Query\\Processors\\Processor.php(32): Illuminate\\Database\\Connection->insert()
#6 C:\\Users\\chuite\\Documents\\GitHub\\torre_solento\\vendor\\laravel\\framework\\src\\Illuminate\\Database\\Query\\Builder.php(3766): Illuminate\\Database\\Query\\Processors\\Processor->processInsertGetId()
#7 C:\\Users\\chuite\\Documents\\GitHub\\torre_solento\\vendor\\laravel\\framework\\src\\Illuminate\\Database\\Eloquent\\Builder.php(2120): Illuminate\\Database\\Query\\Builder->insertGetId()
#8 C:\\Users\\chuite\\Documents\\GitHub\\torre_solento\\vendor\\laravel\\framework\\src\\Illuminate\\Database\\Eloquent\\Model.php(1359): Illuminate\\Database\\Eloquent\\Builder->__call()
#9 C:\\Users\\chuite\\Documents\\GitHub\\torre_solento\\vendor\\laravel\\framework\\src\\Illuminate\\Database\\Eloquent\\Model.php(1324): Illuminate\\Database\\Eloquent\\Model->insertAndSetId()
#10 C:\\Users\\chuite\\Documents\\GitHub\\torre_solento\\vendor\\laravel\\framework\\src\\Illuminate\\Database\\Eloquent\\Model.php(1163): Illuminate\\Database\\Eloquent\\Model->performInsert()
#11 C:\\Users\\chuite\\Documents\\GitHub\\torre_solento\\vendor\\laravel\\framework\\src\\Illuminate\\Database\\Eloquent\\Builder.php(1128): Illuminate\\Database\\Eloquent\\Model->save()
#12 C:\\Users\\chuite\\Documents\\GitHub\\torre_solento\\vendor\\laravel\\framework\\src\\Illuminate\\Support\\helpers.php(399): Illuminate\\Database\\Eloquent\\Builder->{closure:Illuminate\\Database\\Eloquent\\Builder::create():1127}()
#13 C:\\Users\\chuite\\Documents\\GitHub\\torre_solento\\vendor\\laravel\\framework\\src\\Illuminate\\Database\\Eloquent\\Builder.php(1127): tap()
#14 C:\\Users\\chuite\\Documents\\GitHub\\torre_solento\\vendor\\laravel\\framework\\src\\Illuminate\\Database\\Eloquent\\Builder.php(634): Illuminate\\Database\\Eloquent\\Builder->create()
#15 C:\\Users\\chuite\\Documents\\GitHub\\torre_solento\\vendor\\laravel\\framework\\src\\Illuminate\\Database\\Eloquent\\Builder.php(1864): Illuminate\\Database\\Eloquent\\Builder->{closure:Illuminate\\Database\\Eloquent\\Builder::createOrFirst():634}()
#16 C:\\Users\\chuite\\Documents\\GitHub\\torre_solento\\vendor\\laravel\\framework\\src\\Illuminate\\Database\\Eloquent\\Builder.php(634): Illuminate\\Database\\Eloquent\\Builder->withSavepointIfNeeded()
#17 C:\\Users\\chuite\\Documents\\GitHub\\torre_solento\\vendor\\laravel\\framework\\src\\Illuminate\\Database\\Eloquent\\Builder.php(621): Illuminate\\Database\\Eloquent\\Builder->createOrFirst()
#18 C:\\Users\\chuite\\Documents\\GitHub\\torre_solento\\vendor\\laravel\\framework\\src\\Illuminate\\Support\\Traits\\ForwardsCalls.php(23): Illuminate\\Database\\Eloquent\\Builder->firstOrCreate()
#19 C:\\Users\\chuite\\Documents\\GitHub\\torre_solento\\vendor\\laravel\\framework\\src\\Illuminate\\Database\\Eloquent\\Model.php(2372): Illuminate\\Database\\Eloquent\\Model->forwardCallTo()
#20 C:\\Users\\chuite\\Documents\\GitHub\\torre_solento\\vendor\\laravel\\framework\\src\\Illuminate\\Database\\Eloquent\\Model.php(2384): Illuminate\\Database\\Eloquent\\Model->__call()
#21 C:\\Users\\chuite\\Documents\\GitHub\\torre_solento\\app\\Http\\Controllers\\ProfileController.php(13): Illuminate\\Database\\Eloquent\\Model::__callStatic()
#22 C:\\Users\\chuite\\Documents\\GitHub\\torre_solento\\vendor\\laravel\\framework\\src\\Illuminate\\Routing\\Controller.php(54): App\\Http\\Controllers\\ProfileController->edit()
#23 C:\\Users\\chuite\\Documents\\GitHub\\torre_solento\\vendor\\laravel\\framework\\src\\Illuminate\\Routing\\ControllerDispatcher.php(44): Illuminate\\Routing\\Controller->callAction()
#24 C:\\Users\\chuite\\Documents\\GitHub\\torre_solento\\vendor\\laravel\\framework\\src\\Illuminate\\Routing\\Route.php(266): Illuminate\\Routing\\ControllerDispatcher->dispatch()
#25 C:\\Users\\chuite\\Documents\\GitHub\\torre_solento\\vendor\\laravel\\framework\\src\\Illuminate\\Routing\\Route.php(212): Illuminate\\Routing\\Route->runController()
#26 C:\\Users\\chuite\\Documents\\GitHub\\torre_solento\\vendor\\laravel\\framework\\src\\Illuminate\\Routing\\Router.php(808): Illuminate\\Routing\\Route->run()
#27 C:\\Users\\chuite\\Documents\\GitHub\\torre_solento\\vendor\\laravel\\framework\\src\\Illuminate\\Pipeline\\Pipeline.php(170): Illuminate\\Routing\\Router->{closure:Illuminate\\Routing\\Router::runRouteWithinStack():807}()
#28 C:\\Users\\chuite\\Documents\\GitHub\\torre_solento\\vendor\\laravel\\framework\\src\\Illuminate\\Routing\\Middleware\\SubstituteBindings.php(51): Illuminate\\Pipeline\\Pipeline->{closure:Illuminate\\Pipeline\\Pipeline::prepareDestination():168}()
#29 C:\\Users\\chuite\\Documents\\GitHub\\torre_solento\\vendor\\laravel\\framework\\src\\Illuminate\\Pipeline\\Pipeline.php(209): Illuminate\\Routing\\Middleware\\SubstituteBindings->handle()
#30 C:\\Users\\chuite\\Documents\\GitHub\\torre_solento\\vendor\\laravel\\framework\\src\\Illuminate\\Auth\\Middleware\\Authenticate.php(64): Illuminate\\Pipeline\\Pipeline->{closure:{closure:Illuminate\\Pipeline\\Pipeline::carry():184}:185}()
#31 C:\\Users\\chuite\\Documents\\GitHub\\torre_solento\\vendor\\laravel\\framework\\src\\Illuminate\\Pipeline\\Pipeline.php(209): Illuminate\\Auth\\Middleware\\Authenticate->handle()
#32 C:\\Users\\chuite\\Documents\\GitHub\\torre_solento\\vendor\\laravel\\framework\\src\\Illuminate\\Foundation\\Http\\Middleware\\VerifyCsrfToken.php(88): Illuminate\\Pipeline\\Pipeline->{closure:{closure:Illuminate\\Pipeline\\Pipeline::carry():184}:185}()
#33 C:\\Users\\chuite\\Documents\\GitHub\\torre_solento\\vendor\\laravel\\framework\\src\\Illuminate\\Pipeline\\Pipeline.php(209): Illuminate\\Foundation\\Http\\Middleware\\VerifyCsrfToken->handle()
#34 C:\\Users\\chuite\\Documents\\GitHub\\torre_solento\\vendor\\laravel\\framework\\src\\Illuminate\\View\\Middleware\\ShareErrorsFromSession.php(49): Illuminate\\Pipeline\\Pipeline->{closure:{closure:Illuminate\\Pipeline\\Pipeline::carry():184}:185}()
#35 C:\\Users\\chuite\\Documents\\GitHub\\torre_solento\\vendor\\laravel\\framework\\src\\Illuminate\\Pipeline\\Pipeline.php(209): Illuminate\\View\\Middleware\\ShareErrorsFromSession->handle()
#36 C:\\Users\\chuite\\Documents\\GitHub\\torre_solento\\vendor\\laravel\\framework\\src\\Illuminate\\Session\\Middleware\\StartSession.php(121): Illuminate\\Pipeline\\Pipeline->{closure:{closure:Illuminate\\Pipeline\\Pipeline::carry():184}:185}()
#37 C:\\Users\\chuite\\Documents\\GitHub\\torre_solento\\vendor\\laravel\\framework\\src\\Illuminate\\Session\\Middleware\\StartSession.php(64): Illuminate\\Session\\Middleware\\StartSession->handleStatefulRequest()
#38 C:\\Users\\chuite\\Documents\\GitHub\\torre_solento\\vendor\\laravel\\framework\\src\\Illuminate\\Pipeline\\Pipeline.php(209): Illuminate\\Session\\Middleware\\StartSession->handle()
#39 C:\\Users\\chuite\\Documents\\GitHub\\torre_solento\\vendor\\laravel\\framework\\src\\Illuminate\\Cookie\\Middleware\\AddQueuedCookiesToResponse.php(37): Illuminate\\Pipeline\\Pipeline->{closure:{closure:Illuminate\\Pipeline\\Pipeline::carry():184}:185}()
#40 C:\\Users\\chuite\\Documents\\GitHub\\torre_solento\\vendor\\laravel\\framework\\src\\Illuminate\\Pipeline\\Pipeline.php(209): Illuminate\\Cookie\\Middleware\\AddQueuedCookiesToResponse->handle()
#41 C:\\Users\\chuite\\Documents\\GitHub\\torre_solento\\vendor\\laravel\\framework\\src\\Illuminate\\Cookie\\Middleware\\EncryptCookies.php(75): Illuminate\\Pipeline\\Pipeline->{closure:{closure:Illuminate\\Pipeline\\Pipeline::carry():184}:185}()
#42 C:\\Users\\chuite\\Documents\\GitHub\\torre_solento\\vendor\\laravel\\framework\\src\\Illuminate\\Pipeline\\Pipeline.php(209): Illuminate\\Cookie\\Middleware\\EncryptCookies->handle()
#43 C:\\Users\\chuite\\Documents\\GitHub\\torre_solento\\vendor\\laravel\\framework\\src\\Illuminate\\Pipeline\\Pipeline.php(127): Illuminate\\Pipeline\\Pipeline->{closure:{closure:Illuminate\\Pipeline\\Pipeline::carry():184}:185}()
#44 C:\\Users\\chuite\\Documents\\GitHub\\torre_solento\\vendor\\laravel\\framework\\src\\Illuminate\\Routing\\Router.php(807): Illuminate\\Pipeline\\Pipeline->then()
#45 C:\\Users\\chuite\\Documents\\GitHub\\torre_solento\\vendor\\laravel\\framework\\src\\Illuminate\\Routing\\Router.php(786): Illuminate\\Routing\\Router->runRouteWithinStack()
#46 C:\\Users\\chuite\\Documents\\GitHub\\torre_solento\\vendor\\laravel\\framework\\src\\Illuminate\\Routing\\Router.php(750): Illuminate\\Routing\\Router->runRoute()
#47 C:\\Users\\chuite\\Documents\\GitHub\\torre_solento\\vendor\\laravel\\framework\\src\\Illuminate\\Routing\\Router.php(739): Illuminate\\Routing\\Router->dispatchToRoute()
#48 C:\\Users\\chuite\\Documents\\GitHub\\torre_solento\\vendor\\laravel\\framework\\src\\Illuminate\\Foundation\\Http\\Kernel.php(201): Illuminate\\Routing\\Router->dispatch()
#49 C:\\Users\\chuite\\Documents\\GitHub\\torre_solento\\vendor\\laravel\\framework\\src\\Illuminate\\Pipeline\\Pipeline.php(170): Illuminate\\Foundation\\Http\\Kernel->{closure:Illuminate\\Foundation\\Http\\Kernel::dispatchToRouter():198}()
#50 C:\\Users\\chuite\\Documents\\GitHub\\torre_solento\\vendor\\laravel\\framework\\src\\Illuminate\\Foundation\\Http\\Middleware\\TransformsRequest.php(21): Illuminate\\Pipeline\\Pipeline->{closure:Illuminate\\Pipeline\\Pipeline::prepareDestination():168}()
#51 C:\\Users\\chuite\\Documents\\GitHub\\torre_solento\\vendor\\laravel\\framework\\src\\Illuminate\\Foundation\\Http\\Middleware\\ConvertEmptyStringsToNull.php(31): Illuminate\\Foundation\\Http\\Middleware\\TransformsRequest->handle()
#52 C:\\Users\\chuite\\Documents\\GitHub\\torre_solento\\vendor\\laravel\\framework\\src\\Illuminate\\Pipeline\\Pipeline.php(209): Illuminate\\Foundation\\Http\\Middleware\\ConvertEmptyStringsToNull->handle()
#53 C:\\Users\\chuite\\Documents\\GitHub\\torre_solento\\vendor\\laravel\\framework\\src\\Illuminate\\Foundation\\Http\\Middleware\\TransformsRequest.php(21): Illuminate\\Pipeline\\Pipeline->{closure:{closure:Illuminate\\Pipeline\\Pipeline::carry():184}:185}()
#54 C:\\Users\\chuite\\Documents\\GitHub\\torre_solento\\vendor\\laravel\\framework\\src\\Illuminate\\Foundation\\Http\\Middleware\\TrimStrings.php(51): Illuminate\\Foundation\\Http\\Middleware\\TransformsRequest->handle()
#55 C:\\Users\\chuite\\Documents\\GitHub\\torre_solento\\vendor\\laravel\\framework\\src\\Illuminate\\Pipeline\\Pipeline.php(209): Illuminate\\Foundation\\Http\\Middleware\\TrimStrings->handle()
#56 C:\\Users\\chuite\\Documents\\GitHub\\torre_solento\\vendor\\laravel\\framework\\src\\Illuminate\\Http\\Middleware\\ValidatePostSize.php(27): Illuminate\\Pipeline\\Pipeline->{closure:{closure:Illuminate\\Pipeline\\Pipeline::carry():184}:185}()
#57 C:\\Users\\chuite\\Documents\\GitHub\\torre_solento\\vendor\\laravel\\framework\\src\\Illuminate\\Pipeline\\Pipeline.php(209): Illuminate\\Http\\Middleware\\ValidatePostSize->handle()
#58 C:\\Users\\chuite\\Documents\\GitHub\\torre_solento\\vendor\\laravel\\framework\\src\\Illuminate\\Foundation\\Http\\Middleware\\PreventRequestsDuringMaintenance.php(110): Illuminate\\Pipeline\\Pipeline->{closure:{closure:Illuminate\\Pipeline\\Pipeline::carry():184}:185}()
#59 C:\\Users\\chuite\\Documents\\GitHub\\torre_solento\\vendor\\laravel\\framework\\src\\Illuminate\\Pipeline\\Pipeline.php(209): Illuminate\\Foundation\\Http\\Middleware\\PreventRequestsDuringMaintenance->handle()
#60 C:\\Users\\chuite\\Documents\\GitHub\\torre_solento\\vendor\\laravel\\framework\\src\\Illuminate\\Http\\Middleware\\HandleCors.php(49): Illuminate\\Pipeline\\Pipeline->{closure:{closure:Illuminate\\Pipeline\\Pipeline::carry():184}:185}()
#61 C:\\Users\\chuite\\Documents\\GitHub\\torre_solento\\vendor\\laravel\\framework\\src\\Illuminate\\Pipeline\\Pipeline.php(209): Illuminate\\Http\\Middleware\\HandleCors->handle()
#62 C:\\Users\\chuite\\Documents\\GitHub\\torre_solento\\vendor\\laravel\\framework\\src\\Illuminate\\Http\\Middleware\\TrustProxies.php(58): Illuminate\\Pipeline\\Pipeline->{closure:{closure:Illuminate\\Pipeline\\Pipeline::carry():184}:185}()
#63 C:\\Users\\chuite\\Documents\\GitHub\\torre_solento\\vendor\\laravel\\framework\\src\\Illuminate\\Pipeline\\Pipeline.php(209): Illuminate\\Http\\Middleware\\TrustProxies->handle()
#64 C:\\Users\\chuite\\Documents\\GitHub\\torre_solento\\vendor\\laravel\\framework\\src\\Illuminate\\Foundation\\Http\\Middleware\\InvokeDeferredCallbacks.php(22): Illuminate\\Pipeline\\Pipeline->{closure:{closure:Illuminate\\Pipeline\\Pipeline::carry():184}:185}()
#65 C:\\Users\\chuite\\Documents\\GitHub\\torre_solento\\vendor\\laravel\\framework\\src\\Illuminate\\Pipeline\\Pipeline.php(209): Illuminate\\Foundation\\Http\\Middleware\\InvokeDeferredCallbacks->handle()
#66 C:\\Users\\chuite\\Documents\\GitHub\\torre_solento\\vendor\\laravel\\framework\\src\\Illuminate\\Pipeline\\Pipeline.php(127): Illuminate\\Pipeline\\Pipeline->{closure:{closure:Illuminate\\Pipeline\\Pipeline::carry():184}:185}()
#67 C:\\Users\\chuite\\Documents\\GitHub\\torre_solento\\vendor\\laravel\\framework\\src\\Illuminate\\Foundation\\Http\\Kernel.php(176): Illuminate\\Pipeline\\Pipeline->then()
#68 C:\\Users\\chuite\\Documents\\GitHub\\torre_solento\\vendor\\laravel\\framework\\src\\Illuminate\\Foundation\\Http\\Kernel.php(145): Illuminate\\Foundation\\Http\\Kernel->sendRequestThroughRouter()
#69 C:\\Users\\chuite\\Documents\\GitHub\\torre_solento\\vendor\\laravel\\framework\\src\\Illuminate\\Foundation\\Application.php(1220): Illuminate\\Foundation\\Http\\Kernel->handle()
#70 C:\\Users\\chuite\\Documents\\GitHub\\torre_solento\\public\\index.php(17): Illuminate\\Foundation\\Application->handleRequest()
#71 C:\\Users\\chuite\\Documents\\GitHub\\torre_solento\\vendor\\laravel\\framework\\src\\Illuminate\\Foundation\\resources\\server.php(23): require_once('...')
#72 {main}
"} 
[2026-01-15 21:28:28] local.ERROR: SQLSTATE[23000]: Integrity constraint violation: 19 NOT NULL constraint failed: resident_profiles.full_name (Connection: sqlite, SQL: insert into "resident_profiles" ("user_id", "updated_at", "created_at") values (1, 2026-01-15 21:28:28, 2026-01-15 21:28:28)) {"userId":1,"exception":"[object] (Illuminate\\Database\\QueryException(code: 23000): SQLSTATE[23000]: Integrity constraint violation: 19 NOT NULL constraint failed: resident_profiles.full_name (Connection: sqlite, SQL: insert into \"resident_profiles\" (\"user_id\", \"updated_at\", \"created_at\") values (1, 2026-01-15 21:28:28, 2026-01-15 21:28:28)) at C:\\Users\\chuite\\Documents\\GitHub\\torre_solento\\vendor\\laravel\\framework\\src\\Illuminate\\Database\\Connection.php:825)
[stacktrace]
#0 C:\\Users\\chuite\\Documents\\GitHub\\torre_solento\\vendor\\laravel\\framework\\src\\Illuminate\\Database\\Connection.php(779): Illuminate\\Database\\Connection->runQueryCallback()
#1 C:\\Users\\chuite\\Documents\\GitHub\\torre_solento\\vendor\\laravel\\framework\\src\\Illuminate\\Database\\Connection.php(560): Illuminate\\Database\\Connection->run()
#2 C:\\Users\\chuite\\Documents\\GitHub\\torre_solento\\vendor\\laravel\\framework\\src\\Illuminate\\Database\\Connection.php(524): Illuminate\\Database\\Connection->statement()
#3 C:\\Users\\chuite\\Documents\\GitHub\\torre_solento\\vendor\\laravel\\framework\\src\\Illuminate\\Database\\Query\\Processors\\Processor.php(32): Illuminate\\Database\\Connection->insert()
#4 C:\\Users\\chuite\\Documents\\GitHub\\torre_solento\\vendor\\laravel\\framework\\src\\Illuminate\\Database\\Query\\Builder.php(3766): Illuminate\\Database\\Query\\Processors\\Processor->processInsertGetId()
#5 C:\\Users\\chuite\\Documents\\GitHub\\torre_solento\\vendor\\laravel\\framework\\src\\Illuminate\\Database\\Eloquent\\Builder.php(2120): Illuminate\\Database\\Query\\Builder->insertGetId()
#6 C:\\Users\\chuite\\Documents\\GitHub\\torre_solento\\vendor\\laravel\\framework\\src\\Illuminate\\Database\\Eloquent\\Model.php(1359): Illuminate\\Database\\Eloquent\\Builder->__call()
#7 C:\\Users\\chuite\\Documents\\GitHub\\torre_solento\\vendor\\laravel\\framework\\src\\Illuminate\\Database\\Eloquent\\Model.php(1324): Illuminate\\Database\\Eloquent\\Model->insertAndSetId()
#8 C:\\Users\\chuite\\Documents\\GitHub\\torre_solento\\vendor\\laravel\\framework\\src\\Illuminate\\Database\\Eloquent\\Model.php(1163): Illuminate\\Database\\Eloquent\\Model->performInsert()
#9 C:\\Users\\chuite\\Documents\\GitHub\\torre_solento\\vendor\\laravel\\framework\\src\\Illuminate\\Database\\Eloquent\\Builder.php(1128): Illuminate\\Database\\Eloquent\\Model->save()
#10 C:\\Users\\chuite\\Documents\\GitHub\\torre_solento\\vendor\\laravel\\framework\\src\\Illuminate\\Support\\helpers.php(399): Illuminate\\Database\\Eloquent\\Builder->{closure:Illuminate\\Database\\Eloquent\\Builder::create():1127}()
#11 C:\\Users\\chuite\\Documents\\GitHub\\torre_solento\\vendor\\laravel\\framework\\src\\Illuminate\\Database\\Eloquent\\Builder.php(1127): tap()
#12 C:\\Users\\chuite\\Documents\\GitHub\\torre_solento\\vendor\\laravel\\framework\\src\\Illuminate\\Database\\Eloquent\\Builder.php(634): Illuminate\\Database\\Eloquent\\Builder->create()
#13 C:\\Users\\chuite\\Documents\\GitHub\\torre_solento\\vendor\\laravel\\framework\\src\\Illuminate\\Database\\Eloquent\\Builder.php(1864): Illuminate\\Database\\Eloquent\\Builder->{closure:Illuminate\\Database\\Eloquent\\Builder::createOrFirst():634}()
#14 C:\\Users\\chuite\\Documents\\GitHub\\torre_solento\\vendor\\laravel\\framework\\src\\Illuminate\\Database\\Eloquent\\Builder.php(634): Illuminate\\Database\\Eloquent\\Builder->withSavepointIfNeeded()
#15 C:\\Users\\chuite\\Documents\\GitHub\\torre_solento\\vendor\\laravel\\framework\\src\\Illuminate\\Database\\Eloquent\\Builder.php(621): Illuminate\\Database\\Eloquent\\Builder->createOrFirst()
#16 C:\\Users\\chuite\\Documents\\GitHub\\torre_solento\\vendor\\laravel\\framework\\src\\Illuminate\\Support\\Traits\\ForwardsCalls.php(23): Illuminate\\Database\\Eloquent\\Builder->firstOrCreate()
#17 C:\\Users\\chuite\\Documents\\GitHub\\torre_solento\\vendor\\laravel\\framework\\src\\Illuminate\\Database\\Eloquent\\Model.php(2372): Illuminate\\Database\\Eloquent\\Model->forwardCallTo()
#18 C:\\Users\\chuite\\Documents\\GitHub\\torre_solento\\vendor\\laravel\\framework\\src\\Illuminate\\Database\\Eloquent\\Model.php(2384): Illuminate\\Database\\Eloquent\\Model->__call()
#19 C:\\Users\\chuite\\Documents\\GitHub\\torre_solento\\app\\Http\\Controllers\\ProfileController.php(13): Illuminate\\Database\\Eloquent\\Model::__callStatic()
#20 C:\\Users\\chuite\\Documents\\GitHub\\torre_solento\\vendor\\laravel\\framework\\src\\Illuminate\\Routing\\Controller.php(54): App\\Http\\Controllers\\ProfileController->edit()
#21 C:\\Users\\chuite\\Documents\\GitHub\\torre_solento\\vendor\\laravel\\framework\\src\\Illuminate\\Routing\\ControllerDispatcher.php(44): Illuminate\\Routing\\Controller->callAction()
#22 C:\\Users\\chuite\\Documents\\GitHub\\torre_solento\\vendor\\laravel\\framework\\src\\Illuminate\\Routing\\Route.php(266): Illuminate\\Routing\\ControllerDispatcher->dispatch()
#23 C:\\Users\\chuite\\Documents\\GitHub\\torre_solento\\vendor\\laravel\\framework\\src\\Illuminate\\Routing\\Route.php(212): Illuminate\\Routing\\Route->runController()
#24 C:\\Users\\chuite\\Documents\\GitHub\\torre_solento\\vendor\\laravel\\framework\\src\\Illuminate\\Routing\\Router.php(808): Illuminate\\Routing\\Route->run()
#25 C:\\Users\\chuite\\Documents\\GitHub\\torre_solento\\vendor\\laravel\\framework\\src\\Illuminate\\Pipeline\\Pipeline.php(170): Illuminate\\Routing\\Router->{closure:Illuminate\\Routing\\Router::runRouteWithinStack():807}()
#26 C:\\Users\\chuite\\Documents\\GitHub\\torre_solento\\vendor\\laravel\\framework\\src\\Illuminate\\Routing\\Middleware\\SubstituteBindings.php(51): Illuminate\\Pipeline\\Pipeline->{closure:Illuminate\\Pipeline\\Pipeline::prepareDestination():168}()
#27 C:\\Users\\chuite\\Documents\\GitHub\\torre_solento\\vendor\\laravel\\framework\\src\\Illuminate\\Pipeline\\Pipeline.php(209): Illuminate\\Routing\\Middleware\\SubstituteBindings->handle()
#28 C:\\Users\\chuite\\Documents\\GitHub\\torre_solento\\vendor\\laravel\\framework\\src\\Illuminate\\Auth\\Middleware\\Authenticate.php(64): Illuminate\\Pipeline\\Pipeline->{closure:{closure:Illuminate\\Pipeline\\Pipeline::carry():184}:185}()
#29 C:\\Users\\chuite\\Documents\\GitHub\\torre_solento\\vendor\\laravel\\framework\\src\\Illuminate\\Pipeline\\Pipeline.php(209): Illuminate\\Auth\\Middleware\\Authenticate->handle()
#30 C:\\Users\\chuite\\Documents\\GitHub\\torre_solento\\vendor\\laravel\\framework\\src\\Illuminate\\Foundation\\Http\\Middleware\\VerifyCsrfToken.php(88): Illuminate\\Pipeline\\Pipeline->{closure:{closure:Illuminate\\Pipeline\\Pipeline::carry():184}:185}()
#31 C:\\Users\\chuite\\Documents\\GitHub\\torre_solento\\vendor\\laravel\\framework\\src\\Illuminate\\Pipeline\\Pipeline.php(209): Illuminate\\Foundation\\Http\\Middleware\\VerifyCsrfToken->handle()
#32 C:\\Users\\chuite\\Documents\\GitHub\\torre_solento\\vendor\\laravel\\framework\\src\\Illuminate\\View\\Middleware\\ShareErrorsFromSession.php(49): Illuminate\\Pipeline\\Pipeline->{closure:{closure:Illuminate\\Pipeline\\Pipeline::carry():184}:185}()
#33 C:\\Users\\chuite\\Documents\\GitHub\\torre_solento\\vendor\\laravel\\framework\\src\\Illuminate\\Pipeline\\Pipeline.php(209): Illuminate\\View\\Middleware\\ShareErrorsFromSession->handle()
#34 C:\\Users\\chuite\\Documents\\GitHub\\torre_solento\\vendor\\laravel\\framework\\src\\Illuminate\\Session\\Middleware\\StartSession.php(121): Illuminate\\Pipeline\\Pipeline->{closure:{closure:Illuminate\\Pipeline\\Pipeline::carry():184}:185}()
#35 C:\\Users\\chuite\\Documents\\GitHub\\torre_solento\\vendor\\laravel\\framework\\src\\Illuminate\\Session\\Middleware\\StartSession.php(64): Illuminate\\Session\\Middleware\\StartSession->handleStatefulRequest()
#36 C:\\Users\\chuite\\Documents\\GitHub\\torre_solento\\vendor\\laravel\\framework\\src\\Illuminate\\Pipeline\\Pipeline.php(209): Illuminate\\Session\\Middleware\\StartSession->handle()
#37 C:\\Users\\chuite\\Documents\\GitHub\\torre_solento\\vendor\\laravel\\framework\\src\\Illuminate\\Cookie\\Middleware\\AddQueuedCookiesToResponse.php(37): Illuminate\\Pipeline\\Pipeline->{closure:{closure:Illuminate\\Pipeline\\Pipeline::carry():184}:185}()
#38 C:\\Users\\chuite\\Documents\\GitHub\\torre_solento\\vendor\\laravel\\framework\\src\\Illuminate\\Pipeline\\Pipeline.php(209): Illuminate\\Cookie\\Middleware\\AddQueuedCookiesToResponse->handle()
#39 C:\\Users\\chuite\\Documents\\GitHub\\torre_solento\\vendor\\laravel\\framework\\src\\Illuminate\\Cookie\\Middleware\\EncryptCookies.php(75): Illuminate\\Pipeline\\Pipeline->{closure:{closure:Illuminate\\Pipeline\\Pipeline::carry():184}:185}()
#40 C:\\Users\\chuite\\Documents\\GitHub\\torre_solento\\vendor\\laravel\\framework\\src\\Illuminate\\Pipeline\\Pipeline.php(209): Illuminate\\Cookie\\Middleware\\EncryptCookies->handle()
#41 C:\\Users\\chuite\\Documents\\GitHub\\torre_solento\\vendor\\laravel\\framework\\src\\Illuminate\\Pipeline\\Pipeline.php(127): Illuminate\\Pipeline\\Pipeline->{closure:{closure:Illuminate\\Pipeline\\Pipeline::carry():184}:185}()
#42 C:\\Users\\chuite\\Documents\\GitHub\\torre_solento\\vendor\\laravel\\framework\\src\\Illuminate\\Routing\\Router.php(807): Illuminate\\Pipeline\\Pipeline->then()
#43 C:\\Users\\chuite\\Documents\\GitHub\\torre_solento\\vendor\\laravel\\framework\\src\\Illuminate\\Routing\\Router.php(786): Illuminate\\Routing\\Router->runRouteWithinStack()
#44 C:\\Users\\chuite\\Documents\\GitHub\\torre_solento\\vendor\\laravel\\framework\\src\\Illuminate\\Routing\\Router.php(750): Illuminate\\Routing\\Router->runRoute()
#45 C:\\Users\\chuite\\Documents\\GitHub\\torre_solento\\vendor\\laravel\\framework\\src\\Illuminate\\Routing\\Router.php(739): Illuminate\\Routing\\Router->dispatchToRoute()
#46 C:\\Users\\chuite\\Documents\\GitHub\\torre_solento\\vendor\\laravel\\framework\\src\\Illuminate\\Foundation\\Http\\Kernel.php(201): Illuminate\\Routing\\Router->dispatch()
#47 C:\\Users\\chuite\\Documents\\GitHub\\torre_solento\\vendor\\laravel\\framework\\src\\Illuminate\\Pipeline\\Pipeline.php(170): Illuminate\\Foundation\\Http\\Kernel->{closure:Illuminate\\Foundation\\Http\\Kernel::dispatchToRouter():198}()
#48 C:\\Users\\chuite\\Documents\\GitHub\\torre_solento\\vendor\\laravel\\framework\\src\\Illuminate\\Foundation\\Http\\Middleware\\TransformsRequest.php(21): Illuminate\\Pipeline\\Pipeline->{closure:Illuminate\\Pipeline\\Pipeline::prepareDestination():168}()
#49 C:\\Users\\chuite\\Documents\\GitHub\\torre_solento\\vendor\\laravel\\framework\\src\\Illuminate\\Foundation\\Http\\Middleware\\ConvertEmptyStringsToNull.php(31): Illuminate\\Foundation\\Http\\Middleware\\TransformsRequest->handle()
#50 C:\\Users\\chuite\\Documents\\GitHub\\torre_solento\\vendor\\laravel\\framework\\src\\Illuminate\\Pipeline\\Pipeline.php(209): Illuminate\\Foundation\\Http\\Middleware\\ConvertEmptyStringsToNull->handle()
#51 C:\\Users\\chuite\\Documents\\GitHub\\torre_solento\\vendor\\laravel\\framework\\src\\Illuminate\\Foundation\\Http\\Middleware\\TransformsRequest.php(21): Illuminate\\Pipeline\\Pipeline->{closure:{closure:Illuminate\\Pipeline\\Pipeline::carry():184}:185}()
#52 C:\\Users\\chuite\\Documents\\GitHub\\torre_solento\\vendor\\laravel\\framework\\src\\Illuminate\\Foundation\\Http\\Middleware\\TrimStrings.php(51): Illuminate\\Foundation\\Http\\Middleware\\TransformsRequest->handle()
#53 C:\\Users\\chuite\\Documents\\GitHub\\torre_solento\\vendor\\laravel\\framework\\src\\Illuminate\\Pipeline\\Pipeline.php(209): Illuminate\\Foundation\\Http\\Middleware\\TrimStrings->handle()
#54 C:\\Users\\chuite\\Documents\\GitHub\\torre_solento\\vendor\\laravel\\framework\\src\\Illuminate\\Http\\Middleware\\ValidatePostSize.php(27): Illuminate\\Pipeline\\Pipeline->{closure:{closure:Illuminate\\Pipeline\\Pipeline::carry():184}:185}()
#55 C:\\Users\\chuite\\Documents\\GitHub\\torre_solento\\vendor\\laravel\\framework\\src\\Illuminate\\Pipeline\\Pipeline.php(209): Illuminate\\Http\\Middleware\\ValidatePostSize->handle()
#56 C:\\Users\\chuite\\Documents\\GitHub\\torre_solento\\vendor\\laravel\\framework\\src\\Illuminate\\Foundation\\Http\\Middleware\\PreventRequestsDuringMaintenance.php(110): Illuminate\\Pipeline\\Pipeline->{closure:{closure:Illuminate\\Pipeline\\Pipeline::carry():184}:185}()
#57 C:\\Users\\chuite\\Documents\\GitHub\\torre_solento\\vendor\\laravel\\framework\\src\\Illuminate\\Pipeline\\Pipeline.php(209): Illuminate\\Foundation\\Http\\Middleware\\PreventRequestsDuringMaintenance->handle()
#58 C:\\Users\\chuite\\Documents\\GitHub\\torre_solento\\vendor\\laravel\\framework\\src\\Illuminate\\Http\\Middleware\\HandleCors.php(49): Illuminate\\Pipeline\\Pipeline->{closure:{closure:Illuminate\\Pipeline\\Pipeline::carry():184}:185}()
#59 C:\\Users\\chuite\\Documents\\GitHub\\torre_solento\\vendor\\laravel\\framework\\src\\Illuminate\\Pipeline\\Pipeline.php(209): Illuminate\\Http\\Middleware\\HandleCors->handle()
#60 C:\\Users\\chuite\\Documents\\GitHub\\torre_solento\\vendor\\laravel\\framework\\src\\Illuminate\\Http\\Middleware\\TrustProxies.php(58): Illuminate\\Pipeline\\Pipeline->{closure:{closure:Illuminate\\Pipeline\\Pipeline::carry():184}:185}()
#61 C:\\Users\\chuite\\Documents\\GitHub\\torre_solento\\vendor\\laravel\\framework\\src\\Illuminate\\Pipeline\\Pipeline.php(209): Illuminate\\Http\\Middleware\\TrustProxies->handle()
#62 C:\\Users\\chuite\\Documents\\GitHub\\torre_solento\\vendor\\laravel\\framework\\src\\Illuminate\\Foundation\\Http\\Middleware\\InvokeDeferredCallbacks.php(22): Illuminate\\Pipeline\\Pipeline->{closure:{closure:Illuminate\\Pipeline\\Pipeline::carry():184}:185}()
#63 C:\\Users\\chuite\\Documents\\GitHub\\torre_solento\\vendor\\laravel\\framework\\src\\Illuminate\\Pipeline\\Pipeline.php(209): Illuminate\\Foundation\\Http\\Middleware\\InvokeDeferredCallbacks->handle()
#64 C:\\Users\\chuite\\Documents\\GitHub\\torre_solento\\vendor\\laravel\\framework\\src\\Illuminate\\Pipeline\\Pipeline.php(127): Illuminate\\Pipeline\\Pipeline->{closure:{closure:Illuminate\\Pipeline\\Pipeline::carry():184}:185}()
#65 C:\\Users\\chuite\\Documents\\GitHub\\torre_solento\\vendor\\laravel\\framework\\src\\Illuminate\\Foundation\\Http\\Kernel.php(176): Illuminate\\Pipeline\\Pipeline->then()
#66 C:\\Users\\chuite\\Documents\\GitHub\\torre_solento\\vendor\\laravel\\framework\\src\\Illuminate\\Foundation\\Http\\Kernel.php(145): Illuminate\\Foundation\\Http\\Kernel->sendRequestThroughRouter()
#67 C:\\Users\\chuite\\Documents\\GitHub\\torre_solento\\vendor\\laravel\\framework\\src\\Illuminate\\Foundation\\Application.php(1220): Illuminate\\Foundation\\Http\\Kernel->handle()
#68 C:\\Users\\chuite\\Documents\\GitHub\\torre_solento\\public\\index.php(17): Illuminate\\Foundation\\Application->handleRequest()
#69 C:\\Users\\chuite\\Documents\\GitHub\\torre_solento\\vendor\\laravel\\framework\\src\\Illuminate\\Foundation\\resources\\server.php(23): require_once('...')
#70 {main}

[previous exception] [object] (PDOException(code: 23000): SQLSTATE[23000]: Integrity constraint violation: 19 NOT NULL constraint failed: resident_profiles.full_name at C:\\Users\\chuite\\Documents\\GitHub\\torre_solento\\vendor\\laravel\\framework\\src\\Illuminate\\Database\\Connection.php:571)
[stacktrace]
#0 C:\\Users\\chuite\\Documents\\GitHub\\torre_solento\\vendor\\laravel\\framework\\src\\Illuminate\\Database\\Connection.php(571): PDOStatement->execute()
#1 C:\\Users\\chuite\\Documents\\GitHub\\torre_solento\\vendor\\laravel\\framework\\src\\Illuminate\\Database\\Connection.php(812): Illuminate\\Database\\Connection->{closure:Illuminate\\Database\\Connection::statement():560}()
#2 C:\\Users\\chuite\\Documents\\GitHub\\torre_solento\\vendor\\laravel\\framework\\src\\Illuminate\\Database\\Connection.php(779): Illuminate\\Database\\Connection->runQueryCallback()
#3 C:\\Users\\chuite\\Documents\\GitHub\\torre_solento\\vendor\\laravel\\framework\\src\\Illuminate\\Database\\Connection.php(560): Illuminate\\Database\\Connection->run()
#4 C:\\Users\\chuite\\Documents\\GitHub\\torre_solento\\vendor\\laravel\\framework\\src\\Illuminate\\Database\\Connection.php(524): Illuminate\\Database\\Connection->statement()
#5 C:\\Users\\chuite\\Documents\\GitHub\\torre_solento\\vendor\\laravel\\framework\\src\\Illuminate\\Database\\Query\\Processors\\Processor.php(32): Illuminate\\Database\\Connection->insert()
#6 C:\\Users\\chuite\\Documents\\GitHub\\torre_solento\\vendor\\laravel\\framework\\src\\Illuminate\\Database\\Query\\Builder.php(3766): Illuminate\\Database\\Query\\Processors\\Processor->processInsertGetId()
#7 C:\\Users\\chuite\\Documents\\GitHub\\torre_solento\\vendor\\laravel\\framework\\src\\Illuminate\\Database\\Eloquent\\Builder.php(2120): Illuminate\\Database\\Query\\Builder->insertGetId()
#8 C:\\Users\\chuite\\Documents\\GitHub\\torre_solento\\vendor\\laravel\\framework\\src\\Illuminate\\Database\\Eloquent\\Model.php(1359): Illuminate\\Database\\Eloquent\\Builder->__call()
#9 C:\\Users\\chuite\\Documents\\GitHub\\torre_solento\\vendor\\laravel\\framework\\src\\Illuminate\\Database\\Eloquent\\Model.php(1324): Illuminate\\Database\\Eloquent\\Model->insertAndSetId()
#10 C:\\Users\\chuite\\Documents\\GitHub\\torre_solento\\vendor\\laravel\\framework\\src\\Illuminate\\Database\\Eloquent\\Model.php(1163): Illuminate\\Database\\Eloquent\\Model->performInsert()
#11 C:\\Users\\chuite\\Documents\\GitHub\\torre_solento\\vendor\\laravel\\framework\\src\\Illuminate\\Database\\Eloquent\\Builder.php(1128): Illuminate\\Database\\Eloquent\\Model->save()
#12 C:\\Users\\chuite\\Documents\\GitHub\\torre_solento\\vendor\\laravel\\framework\\src\\Illuminate\\Support\\helpers.php(399): Illuminate\\Database\\Eloquent\\Builder->{closure:Illuminate\\Database\\Eloquent\\Builder::create():1127}()
#13 C:\\Users\\chuite\\Documents\\GitHub\\torre_solento\\vendor\\laravel\\framework\\src\\Illuminate\\Database\\Eloquent\\Builder.php(1127): tap()
#14 C:\\Users\\chuite\\Documents\\GitHub\\torre_solento\\vendor\\laravel\\framework\\src\\Illuminate\\Database\\Eloquent\\Builder.php(634): Illuminate\\Database\\Eloquent\\Builder->create()
#15 C:\\Users\\chuite\\Documents\\GitHub\\torre_solento\\vendor\\laravel\\framework\\src\\Illuminate\\Database\\Eloquent\\Builder.php(1864): Illuminate\\Database\\Eloquent\\Builder->{closure:Illuminate\\Database\\Eloquent\\Builder::createOrFirst():634}()
#16 C:\\Users\\chuite\\Documents\\GitHub\\torre_solento\\vendor\\laravel\\framework\\src\\Illuminate\\Database\\Eloquent\\Builder.php(634): Illuminate\\Database\\Eloquent\\Builder->withSavepointIfNeeded()
#17 C:\\Users\\chuite\\Documents\\GitHub\\torre_solento\\vendor\\laravel\\framework\\src\\Illuminate\\Database\\Eloquent\\Builder.php(621): Illuminate\\Database\\Eloquent\\Builder->createOrFirst()
#18 C:\\Users\\chuite\\Documents\\GitHub\\torre_solento\\vendor\\laravel\\framework\\src\\Illuminate\\Support\\Traits\\ForwardsCalls.php(23): Illuminate\\Database\\Eloquent\\Builder->firstOrCreate()
#19 C:\\Users\\chuite\\Documents\\GitHub\\torre_solento\\vendor\\laravel\\framework\\src\\Illuminate\\Database\\Eloquent\\Model.php(2372): Illuminate\\Database\\Eloquent\\Model->forwardCallTo()
#20 C:\\Users\\chuite\\Documents\\GitHub\\torre_solento\\vendor\\laravel\\framework\\src\\Illuminate\\Database\\Eloquent\\Model.php(2384): Illuminate\\Database\\Eloquent\\Model->__call()
#21 C:\\Users\\chuite\\Documents\\GitHub\\torre_solento\\app\\Http\\Controllers\\ProfileController.php(13): Illuminate\\Database\\Eloquent\\Model::__callStatic()
#22 C:\\Users\\chuite\\Documents\\GitHub\\torre_solento\\vendor\\laravel\\framework\\src\\Illuminate\\Routing\\Controller.php(54): App\\Http\\Controllers\\ProfileController->edit()
#23 C:\\Users\\chuite\\Documents\\GitHub\\torre_solento\\vendor\\laravel\\framework\\src\\Illuminate\\Routing\\ControllerDispatcher.php(44): Illuminate\\Routing\\Controller->callAction()
#24 C:\\Users\\chuite\\Documents\\GitHub\\torre_solento\\vendor\\laravel\\framework\\src\\Illuminate\\Routing\\Route.php(266): Illuminate\\Routing\\ControllerDispatcher->dispatch()
#25 C:\\Users\\chuite\\Documents\\GitHub\\torre_solento\\vendor\\laravel\\framework\\src\\Illuminate\\Routing\\Route.php(212): Illuminate\\Routing\\Route->runController()
#26 C:\\Users\\chuite\\Documents\\GitHub\\torre_solento\\vendor\\laravel\\framework\\src\\Illuminate\\Routing\\Router.php(808): Illuminate\\Routing\\Route->run()
#27 C:\\Users\\chuite\\Documents\\GitHub\\torre_solento\\vendor\\laravel\\framework\\src\\Illuminate\\Pipeline\\Pipeline.php(170): Illuminate\\Routing\\Router->{closure:Illuminate\\Routing\\Router::runRouteWithinStack():807}()
#28 C:\\Users\\chuite\\Documents\\GitHub\\torre_solento\\vendor\\laravel\\framework\\src\\Illuminate\\Routing\\Middleware\\SubstituteBindings.php(51): Illuminate\\Pipeline\\Pipeline->{closure:Illuminate\\Pipeline\\Pipeline::prepareDestination():168}()
#29 C:\\Users\\chuite\\Documents\\GitHub\\torre_solento\\vendor\\laravel\\framework\\src\\Illuminate\\Pipeline\\Pipeline.php(209): Illuminate\\Routing\\Middleware\\SubstituteBindings->handle()
#30 C:\\Users\\chuite\\Documents\\GitHub\\torre_solento\\vendor\\laravel\\framework\\src\\Illuminate\\Auth\\Middleware\\Authenticate.php(64): Illuminate\\Pipeline\\Pipeline->{closure:{closure:Illuminate\\Pipeline\\Pipeline::carry():184}:185}()
#31 C:\\Users\\chuite\\Documents\\GitHub\\torre_solento\\vendor\\laravel\\framework\\src\\Illuminate\\Pipeline\\Pipeline.php(209): Illuminate\\Auth\\Middleware\\Authenticate->handle()
#32 C:\\Users\\chuite\\Documents\\GitHub\\torre_solento\\vendor\\laravel\\framework\\src\\Illuminate\\Foundation\\Http\\Middleware\\VerifyCsrfToken.php(88): Illuminate\\Pipeline\\Pipeline->{closure:{closure:Illuminate\\Pipeline\\Pipeline::carry():184}:185}()
#33 C:\\Users\\chuite\\Documents\\GitHub\\torre_solento\\vendor\\laravel\\framework\\src\\Illuminate\\Pipeline\\Pipeline.php(209): Illuminate\\Foundation\\Http\\Middleware\\VerifyCsrfToken->handle()
#34 C:\\Users\\chuite\\Documents\\GitHub\\torre_solento\\vendor\\laravel\\framework\\src\\Illuminate\\View\\Middleware\\ShareErrorsFromSession.php(49): Illuminate\\Pipeline\\Pipeline->{closure:{closure:Illuminate\\Pipeline\\Pipeline::carry():184}:185}()
#35 C:\\Users\\chuite\\Documents\\GitHub\\torre_solento\\vendor\\laravel\\framework\\src\\Illuminate\\Pipeline\\Pipeline.php(209): Illuminate\\View\\Middleware\\ShareErrorsFromSession->handle()
#36 C:\\Users\\chuite\\Documents\\GitHub\\torre_solento\\vendor\\laravel\\framework\\src\\Illuminate\\Session\\Middleware\\StartSession.php(121): Illuminate\\Pipeline\\Pipeline->{closure:{closure:Illuminate\\Pipeline\\Pipeline::carry():184}:185}()
#37 C:\\Users\\chuite\\Documents\\GitHub\\torre_solento\\vendor\\laravel\\framework\\src\\Illuminate\\Session\\Middleware\\StartSession.php(64): Illuminate\\Session\\Middleware\\StartSession->handleStatefulRequest()
#38 C:\\Users\\chuite\\Documents\\GitHub\\torre_solento\\vendor\\laravel\\framework\\src\\Illuminate\\Pipeline\\Pipeline.php(209): Illuminate\\Session\\Middleware\\StartSession->handle()
#39 C:\\Users\\chuite\\Documents\\GitHub\\torre_solento\\vendor\\laravel\\framework\\src\\Illuminate\\Cookie\\Middleware\\AddQueuedCookiesToResponse.php(37): Illuminate\\Pipeline\\Pipeline->{closure:{closure:Illuminate\\Pipeline\\Pipeline::carry():184}:185}()
#40 C:\\Users\\chuite\\Documents\\GitHub\\torre_solento\\vendor\\laravel\\framework\\src\\Illuminate\\Pipeline\\Pipeline.php(209): Illuminate\\Cookie\\Middleware\\AddQueuedCookiesToResponse->handle()
#41 C:\\Users\\chuite\\Documents\\GitHub\\torre_solento\\vendor\\laravel\\framework\\src\\Illuminate\\Cookie\\Middleware\\EncryptCookies.php(75): Illuminate\\Pipeline\\Pipeline->{closure:{closure:Illuminate\\Pipeline\\Pipeline::carry():184}:185}()
#42 C:\\Users\\chuite\\Documents\\GitHub\\torre_solento\\vendor\\laravel\\framework\\src\\Illuminate\\Pipeline\\Pipeline.php(209): Illuminate\\Cookie\\Middleware\\EncryptCookies->handle()
#43 C:\\Users\\chuite\\Documents\\GitHub\\torre_solento\\vendor\\laravel\\framework\\src\\Illuminate\\Pipeline\\Pipeline.php(127): Illuminate\\Pipeline\\Pipeline->{closure:{closure:Illuminate\\Pipeline\\Pipeline::carry():184}:185}()
#44 C:\\Users\\chuite\\Documents\\GitHub\\torre_solento\\vendor\\laravel\\framework\\src\\Illuminate\\Routing\\Router.php(807): Illuminate\\Pipeline\\Pipeline->then()
#45 C:\\Users\\chuite\\Documents\\GitHub\\torre_solento\\vendor\\laravel\\framework\\src\\Illuminate\\Routing\\Router.php(786): Illuminate\\Routing\\Router->runRouteWithinStack()
#46 C:\\Users\\chuite\\Documents\\GitHub\\torre_solento\\vendor\\laravel\\framework\\src\\Illuminate\\Routing\\Router.php(750): Illuminate\\Routing\\Router->runRoute()
#47 C:\\Users\\chuite\\Documents\\GitHub\\torre_solento\\vendor\\laravel\\framework\\src\\Illuminate\\Routing\\Router.php(739): Illuminate\\Routing\\Router->dispatchToRoute()
#48 C:\\Users\\chuite\\Documents\\GitHub\\torre_solento\\vendor\\laravel\\framework\\src\\Illuminate\\Foundation\\Http\\Kernel.php(201): Illuminate\\Routing\\Router->dispatch()
#49 C:\\Users\\chuite\\Documents\\GitHub\\torre_solento\\vendor\\laravel\\framework\\src\\Illuminate\\Pipeline\\Pipeline.php(170): Illuminate\\Foundation\\Http\\Kernel->{closure:Illuminate\\Foundation\\Http\\Kernel::dispatchToRouter():198}()
#50 C:\\Users\\chuite\\Documents\\GitHub\\torre_solento\\vendor\\laravel\\framework\\src\\Illuminate\\Foundation\\Http\\Middleware\\TransformsRequest.php(21): Illuminate\\Pipeline\\Pipeline->{closure:Illuminate\\Pipeline\\Pipeline::prepareDestination():168}()
#51 C:\\Users\\chuite\\Documents\\GitHub\\torre_solento\\vendor\\laravel\\framework\\src\\Illuminate\\Foundation\\Http\\Middleware\\ConvertEmptyStringsToNull.php(31): Illuminate\\Foundation\\Http\\Middleware\\TransformsRequest->handle()
#52 C:\\Users\\chuite\\Documents\\GitHub\\torre_solento\\vendor\\laravel\\framework\\src\\Illuminate\\Pipeline\\Pipeline.php(209): Illuminate\\Foundation\\Http\\Middleware\\ConvertEmptyStringsToNull->handle()
#53 C:\\Users\\chuite\\Documents\\GitHub\\torre_solento\\vendor\\laravel\\framework\\src\\Illuminate\\Foundation\\Http\\Middleware\\TransformsRequest.php(21): Illuminate\\Pipeline\\Pipeline->{closure:{closure:Illuminate\\Pipeline\\Pipeline::carry():184}:185}()
#54 C:\\Users\\chuite\\Documents\\GitHub\\torre_solento\\vendor\\laravel\\framework\\src\\Illuminate\\Foundation\\Http\\Middleware\\TrimStrings.php(51): Illuminate\\Foundation\\Http\\Middleware\\TransformsRequest->handle()
#55 C:\\Users\\chuite\\Documents\\GitHub\\torre_solento\\vendor\\laravel\\framework\\src\\Illuminate\\Pipeline\\Pipeline.php(209): Illuminate\\Foundation\\Http\\Middleware\\TrimStrings->handle()
#56 C:\\Users\\chuite\\Documents\\GitHub\\torre_solento\\vendor\\laravel\\framework\\src\\Illuminate\\Http\\Middleware\\ValidatePostSize.php(27): Illuminate\\Pipeline\\Pipeline->{closure:{closure:Illuminate\\Pipeline\\Pipeline::carry():184}:185}()
#57 C:\\Users\\chuite\\Documents\\GitHub\\torre_solento\\vendor\\laravel\\framework\\src\\Illuminate\\Pipeline\\Pipeline.php(209): Illuminate\\Http\\Middleware\\ValidatePostSize->handle()
#58 C:\\Users\\chuite\\Documents\\GitHub\\torre_solento\\vendor\\laravel\\framework\\src\\Illuminate\\Foundation\\Http\\Middleware\\PreventRequestsDuringMaintenance.php(110): Illuminate\\Pipeline\\Pipeline->{closure:{closure:Illuminate\\Pipeline\\Pipeline::carry():184}:185}()
#59 C:\\Users\\chuite\\Documents\\GitHub\\torre_solento\\vendor\\laravel\\framework\\src\\Illuminate\\Pipeline\\Pipeline.php(209): Illuminate\\Foundation\\Http\\Middleware\\PreventRequestsDuringMaintenance->handle()
#60 C:\\Users\\chuite\\Documents\\GitHub\\torre_solento\\vendor\\laravel\\framework\\src\\Illuminate\\Http\\Middleware\\HandleCors.php(49): Illuminate\\Pipeline\\Pipeline->{closure:{closure:Illuminate\\Pipeline\\Pipeline::carry():184}:185}()
#61 C:\\Users\\chuite\\Documents\\GitHub\\torre_solento\\vendor\\laravel\\framework\\src\\Illuminate\\Pipeline\\Pipeline.php(209): Illuminate\\Http\\Middleware\\HandleCors->handle()
#62 C:\\Users\\chuite\\Documents\\GitHub\\torre_solento\\vendor\\laravel\\framework\\src\\Illuminate\\Http\\Middleware\\TrustProxies.php(58): Illuminate\\Pipeline\\Pipeline->{closure:{closure:Illuminate\\Pipeline\\Pipeline::carry():184}:185}()
#63 C:\\Users\\chuite\\Documents\\GitHub\\torre_solento\\vendor\\laravel\\framework\\src\\Illuminate\\Pipeline\\Pipeline.php(209): Illuminate\\Http\\Middleware\\TrustProxies->handle()
#64 C:\\Users\\chuite\\Documents\\GitHub\\torre_solento\\vendor\\laravel\\framework\\src\\Illuminate\\Foundation\\Http\\Middleware\\InvokeDeferredCallbacks.php(22): Illuminate\\Pipeline\\Pipeline->{closure:{closure:Illuminate\\Pipeline\\Pipeline::carry():184}:185}()
#65 C:\\Users\\chuite\\Documents\\GitHub\\torre_solento\\vendor\\laravel\\framework\\src\\Illuminate\\Pipeline\\Pipeline.php(209): Illuminate\\Foundation\\Http\\Middleware\\InvokeDeferredCallbacks->handle()
#66 C:\\Users\\chuite\\Documents\\GitHub\\torre_solento\\vendor\\laravel\\framework\\src\\Illuminate\\Pipeline\\Pipeline.php(127): Illuminate\\Pipeline\\Pipeline->{closure:{closure:Illuminate\\Pipeline\\Pipeline::carry():184}:185}()
#67 C:\\Users\\chuite\\Documents\\GitHub\\torre_solento\\vendor\\laravel\\framework\\src\\Illuminate\\Foundation\\Http\\Kernel.php(176): Illuminate\\Pipeline\\Pipeline->then()
#68 C:\\Users\\chuite\\Documents\\GitHub\\torre_solento\\vendor\\laravel\\framework\\src\\Illuminate\\Foundation\\Http\\Kernel.php(145): Illuminate\\Foundation\\Http\\Kernel->sendRequestThroughRouter()
#69 C:\\Users\\chuite\\Documents\\GitHub\\torre_solento\\vendor\\laravel\\framework\\src\\Illuminate\\Foundation\\Application.php(1220): Illuminate\\Foundation\\Http\\Kernel->handle()
#70 C:\\Users\\chuite\\Documents\\GitHub\\torre_solento\\public\\index.php(17): Illuminate\\Foundation\\Application->handleRequest()
#71 C:\\Users\\chuite\\Documents\\GitHub\\torre_solento\\vendor\\laravel\\framework\\src\\Illuminate\\Foundation\\resources\\server.php(23): require_once('...')
#72 {main}
"} 
[2026-01-15 21:29:06] local.ERROR: Target class [role] does not exist. {"userId":1,"exception":"[object] (Illuminate\\Contracts\\Container\\BindingResolutionException(code: 0): Target class [role] does not exist. at C:\\Users\\chuite\\Documents\\GitHub\\torre_solento\\vendor\\laravel\\framework\\src\\Illuminate\\Container\\Container.php:961)
[stacktrace]
#0 C:\\Users\\chuite\\Documents\\GitHub\\torre_solento\\vendor\\laravel\\framework\\src\\Illuminate\\Container\\Container.php(832): Illuminate\\Container\\Container->build()
#1 C:\\Users\\chuite\\Documents\\GitHub\\torre_solento\\vendor\\laravel\\framework\\src\\Illuminate\\Foundation\\Application.php(1078): Illuminate\\Container\\Container->resolve()
#2 C:\\Users\\chuite\\Documents\\GitHub\\torre_solento\\vendor\\laravel\\framework\\src\\Illuminate\\Container\\Container.php(763): Illuminate\\Foundation\\Application->resolve()
#3 C:\\Users\\chuite\\Documents\\GitHub\\torre_solento\\vendor\\laravel\\framework\\src\\Illuminate\\Foundation\\Application.php(1058): Illuminate\\Container\\Container->make()
#4 C:\\Users\\chuite\\Documents\\GitHub\\torre_solento\\vendor\\laravel\\framework\\src\\Illuminate\\Pipeline\\Pipeline.php(198): Illuminate\\Foundation\\Application->make()
#5 C:\\Users\\chuite\\Documents\\GitHub\\torre_solento\\vendor\\laravel\\framework\\src\\Illuminate\\Routing\\Middleware\\SubstituteBindings.php(51): Illuminate\\Pipeline\\Pipeline->{closure:{closure:Illuminate\\Pipeline\\Pipeline::carry():184}:185}()
#6 C:\\Users\\chuite\\Documents\\GitHub\\torre_solento\\vendor\\laravel\\framework\\src\\Illuminate\\Pipeline\\Pipeline.php(209): Illuminate\\Routing\\Middleware\\SubstituteBindings->handle()
#7 C:\\Users\\chuite\\Documents\\GitHub\\torre_solento\\vendor\\laravel\\framework\\src\\Illuminate\\Auth\\Middleware\\Authenticate.php(64): Illuminate\\Pipeline\\Pipeline->{closure:{closure:Illuminate\\Pipeline\\Pipeline::carry():184}:185}()
#8 C:\\Users\\chuite\\Documents\\GitHub\\torre_solento\\vendor\\laravel\\framework\\src\\Illuminate\\Pipeline\\Pipeline.php(209): Illuminate\\Auth\\Middleware\\Authenticate->handle()
#9 C:\\Users\\chuite\\Documents\\GitHub\\torre_solento\\vendor\\laravel\\framework\\src\\Illuminate\\Foundation\\Http\\Middleware\\VerifyCsrfToken.php(88): Illuminate\\Pipeline\\Pipeline->{closure:{closure:Illuminate\\Pipeline\\Pipeline::carry():184}:185}()
#10 C:\\Users\\chuite\\Documents\\GitHub\\torre_solento\\vendor\\laravel\\framework\\src\\Illuminate\\Pipeline\\Pipeline.php(209): Illuminate\\Foundation\\Http\\Middleware\\VerifyCsrfToken->handle()
#11 C:\\Users\\chuite\\Documents\\GitHub\\torre_solento\\vendor\\laravel\\framework\\src\\Illuminate\\View\\Middleware\\ShareErrorsFromSession.php(49): Illuminate\\Pipeline\\Pipeline->{closure:{closure:Illuminate\\Pipeline\\Pipeline::carry():184}:185}()
#12 C:\\Users\\chuite\\Documents\\GitHub\\torre_solento\\vendor\\laravel\\framework\\src\\Illuminate\\Pipeline\\Pipeline.php(209): Illuminate\\View\\Middleware\\ShareErrorsFromSession->handle()
#13 C:\\Users\\chuite\\Documents\\GitHub\\torre_solento\\vendor\\laravel\\framework\\src\\Illuminate\\Session\\Middleware\\StartSession.php(121): Illuminate\\Pipeline\\Pipeline->{closure:{closure:Illuminate\\Pipeline\\Pipeline::carry():184}:185}()
#14 C:\\Users\\chuite\\Documents\\GitHub\\torre_solento\\vendor\\laravel\\framework\\src\\Illuminate\\Session\\Middleware\\StartSession.php(64): Illuminate\\Session\\Middleware\\StartSession->handleStatefulRequest()
#15 C:\\Users\\chuite\\Documents\\GitHub\\torre_solento\\vendor\\laravel\\framework\\src\\Illuminate\\Pipeline\\Pipeline.php(209): Illuminate\\Session\\Middleware\\StartSession->handle()
#16 C:\\Users\\chuite\\Documents\\GitHub\\torre_solento\\vendor\\laravel\\framework\\src\\Illuminate\\Cookie\\Middleware\\AddQueuedCookiesToResponse.php(37): Illuminate\\Pipeline\\Pipeline->{closure:{closure:Illuminate\\Pipeline\\Pipeline::carry():184}:185}()
#17 C:\\Users\\chuite\\Documents\\GitHub\\torre_solento\\vendor\\laravel\\framework\\src\\Illuminate\\Pipeline\\Pipeline.php(209): Illuminate\\Cookie\\Middleware\\AddQueuedCookiesToResponse->handle()
#18 C:\\Users\\chuite\\Documents\\GitHub\\torre_solento\\vendor\\laravel\\framework\\src\\Illuminate\\Cookie\\Middleware\\EncryptCookies.php(75): Illuminate\\Pipeline\\Pipeline->{closure:{closure:Illuminate\\Pipeline\\Pipeline::carry():184}:185}()
#19 C:\\Users\\chuite\\Documents\\GitHub\\torre_solento\\vendor\\laravel\\framework\\src\\Illuminate\\Pipeline\\Pipeline.php(209): Illuminate\\Cookie\\Middleware\\EncryptCookies->handle()
#20 C:\\Users\\chuite\\Documents\\GitHub\\torre_solento\\vendor\\laravel\\framework\\src\\Illuminate\\Pipeline\\Pipeline.php(127): Illuminate\\Pipeline\\Pipeline->{closure:{closure:Illuminate\\Pipeline\\Pipeline::carry():184}:185}()
#21 C:\\Users\\chuite\\Documents\\GitHub\\torre_solento\\vendor\\laravel\\framework\\src\\Illuminate\\Routing\\Router.php(807): Illuminate\\Pipeline\\Pipeline->then()
#22 C:\\Users\\chuite\\Documents\\GitHub\\torre_solento\\vendor\\laravel\\framework\\src\\Illuminate\\Routing\\Router.php(786): Illuminate\\Routing\\Router->runRouteWithinStack()
#23 C:\\Users\\chuite\\Documents\\GitHub\\torre_solento\\vendor\\laravel\\framework\\src\\Illuminate\\Routing\\Router.php(750): Illuminate\\Routing\\Router->runRoute()
#24 C:\\Users\\chuite\\Documents\\GitHub\\torre_solento\\vendor\\laravel\\framework\\src\\Illuminate\\Routing\\Router.php(739): Illuminate\\Routing\\Router->dispatchToRoute()
#25 C:\\Users\\chuite\\Documents\\GitHub\\torre_solento\\vendor\\laravel\\framework\\src\\Illuminate\\Foundation\\Http\\Kernel.php(201): Illuminate\\Routing\\Router->dispatch()
#26 C:\\Users\\chuite\\Documents\\GitHub\\torre_solento\\vendor\\laravel\\framework\\src\\Illuminate\\Pipeline\\Pipeline.php(170): Illuminate\\Foundation\\Http\\Kernel->{closure:Illuminate\\Foundation\\Http\\Kernel::dispatchToRouter():198}()
#27 C:\\Users\\chuite\\Documents\\GitHub\\torre_solento\\vendor\\laravel\\framework\\src\\Illuminate\\Foundation\\Http\\Middleware\\TransformsRequest.php(21): Illuminate\\Pipeline\\Pipeline->{closure:Illuminate\\Pipeline\\Pipeline::prepareDestination():168}()
#28 C:\\Users\\chuite\\Documents\\GitHub\\torre_solento\\vendor\\laravel\\framework\\src\\Illuminate\\Foundation\\Http\\Middleware\\ConvertEmptyStringsToNull.php(31): Illuminate\\Foundation\\Http\\Middleware\\TransformsRequest->handle()
#29 C:\\Users\\chuite\\Documents\\GitHub\\torre_solento\\vendor\\laravel\\framework\\src\\Illuminate\\Pipeline\\Pipeline.php(209): Illuminate\\Foundation\\Http\\Middleware\\ConvertEmptyStringsToNull->handle()
#30 C:\\Users\\chuite\\Documents\\GitHub\\torre_solento\\vendor\\laravel\\framework\\src\\Illuminate\\Foundation\\Http\\Middleware\\TransformsRequest.php(21): Illuminate\\Pipeline\\Pipeline->{closure:{closure:Illuminate\\Pipeline\\Pipeline::carry():184}:185}()
#31 C:\\Users\\chuite\\Documents\\GitHub\\torre_solento\\vendor\\laravel\\framework\\src\\Illuminate\\Foundation\\Http\\Middleware\\TrimStrings.php(51): Illuminate\\Foundation\\Http\\Middleware\\TransformsRequest->handle()
#32 C:\\Users\\chuite\\Documents\\GitHub\\torre_solento\\vendor\\laravel\\framework\\src\\Illuminate\\Pipeline\\Pipeline.php(209): Illuminate\\Foundation\\Http\\Middleware\\TrimStrings->handle()
#33 C:\\Users\\chuite\\Documents\\GitHub\\torre_solento\\vendor\\laravel\\framework\\src\\Illuminate\\Http\\Middleware\\ValidatePostSize.php(27): Illuminate\\Pipeline\\Pipeline->{closure:{closure:Illuminate\\Pipeline\\Pipeline::carry():184}:185}()
#34 C:\\Users\\chuite\\Documents\\GitHub\\torre_solento\\vendor\\laravel\\framework\\src\\Illuminate\\Pipeline\\Pipeline.php(209): Illuminate\\Http\\Middleware\\ValidatePostSize->handle()
#35 C:\\Users\\chuite\\Documents\\GitHub\\torre_solento\\vendor\\laravel\\framework\\src\\Illuminate\\Foundation\\Http\\Middleware\\PreventRequestsDuringMaintenance.php(110): Illuminate\\Pipeline\\Pipeline->{closure:{closure:Illuminate\\Pipeline\\Pipeline::carry():184}:185}()
#36 C:\\Users\\chuite\\Documents\\GitHub\\torre_solento\\vendor\\laravel\\framework\\src\\Illuminate\\Pipeline\\Pipeline.php(209): Illuminate\\Foundation\\Http\\Middleware\\PreventRequestsDuringMaintenance->handle()
#37 C:\\Users\\chuite\\Documents\\GitHub\\torre_solento\\vendor\\laravel\\framework\\src\\Illuminate\\Http\\Middleware\\HandleCors.php(49): Illuminate\\Pipeline\\Pipeline->{closure:{closure:Illuminate\\Pipeline\\Pipeline::carry():184}:185}()
#38 C:\\Users\\chuite\\Documents\\GitHub\\torre_solento\\vendor\\laravel\\framework\\src\\Illuminate\\Pipeline\\Pipeline.php(209): Illuminate\\Http\\Middleware\\HandleCors->handle()
#39 C:\\Users\\chuite\\Documents\\GitHub\\torre_solento\\vendor\\laravel\\framework\\src\\Illuminate\\Http\\Middleware\\TrustProxies.php(58): Illuminate\\Pipeline\\Pipeline->{closure:{closure:Illuminate\\Pipeline\\Pipeline::carry():184}:185}()
#40 C:\\Users\\chuite\\Documents\\GitHub\\torre_solento\\vendor\\laravel\\framework\\src\\Illuminate\\Pipeline\\Pipeline.php(209): Illuminate\\Http\\Middleware\\TrustProxies->handle()
#41 C:\\Users\\chuite\\Documents\\GitHub\\torre_solento\\vendor\\laravel\\framework\\src\\Illuminate\\Foundation\\Http\\Middleware\\InvokeDeferredCallbacks.php(22): Illuminate\\Pipeline\\Pipeline->{closure:{closure:Illuminate\\Pipeline\\Pipeline::carry():184}:185}()
#42 C:\\Users\\chuite\\Documents\\GitHub\\torre_solento\\vendor\\laravel\\framework\\src\\Illuminate\\Pipeline\\Pipeline.php(209): Illuminate\\Foundation\\Http\\Middleware\\InvokeDeferredCallbacks->handle()
#43 C:\\Users\\chuite\\Documents\\GitHub\\torre_solento\\vendor\\laravel\\framework\\src\\Illuminate\\Pipeline\\Pipeline.php(127): Illuminate\\Pipeline\\Pipeline->{closure:{closure:Illuminate\\Pipeline\\Pipeline::carry():184}:185}()
#44 C:\\Users\\chuite\\Documents\\GitHub\\torre_solento\\vendor\\laravel\\framework\\src\\Illuminate\\Foundation\\Http\\Kernel.php(176): Illuminate\\Pipeline\\Pipeline->then()
#45 C:\\Users\\chuite\\Documents\\GitHub\\torre_solento\\vendor\\laravel\\framework\\src\\Illuminate\\Foundation\\Http\\Kernel.php(145): Illuminate\\Foundation\\Http\\Kernel->sendRequestThroughRouter()
#46 C:\\Users\\chuite\\Documents\\GitHub\\torre_solento\\vendor\\laravel\\framework\\src\\Illuminate\\Foundation\\Application.php(1220): Illuminate\\Foundation\\Http\\Kernel->handle()
#47 C:\\Users\\chuite\\Documents\\GitHub\\torre_solento\\public\\index.php(17): Illuminate\\Foundation\\Application->handleRequest()
#48 C:\\Users\\chuite\\Documents\\GitHub\\torre_solento\\vendor\\laravel\\framework\\src\\Illuminate\\Foundation\\resources\\server.php(23): require_once('...')
#49 {main}

[previous exception] [object] (ReflectionException(code: -1): Class \"role\" does not exist at C:\\Users\\chuite\\Documents\\GitHub\\torre_solento\\vendor\\laravel\\framework\\src\\Illuminate\\Container\\Container.php:959)
[stacktrace]
#0 C:\\Users\\chuite\\Documents\\GitHub\\torre_solento\\vendor\\laravel\\framework\\src\\Illuminate\\Container\\Container.php(959): ReflectionClass->__construct()
#1 C:\\Users\\chuite\\Documents\\GitHub\\torre_solento\\vendor\\laravel\\framework\\src\\Illuminate\\Container\\Container.php(832): Illuminate\\Container\\Container->build()
#2 C:\\Users\\chuite\\Documents\\GitHub\\torre_solento\\vendor\\laravel\\framework\\src\\Illuminate\\Foundation\\Application.php(1078): Illuminate\\Container\\Container->resolve()
#3 C:\\Users\\chuite\\Documents\\GitHub\\torre_solento\\vendor\\laravel\\framework\\src\\Illuminate\\Container\\Container.php(763): Illuminate\\Foundation\\Application->resolve()
#4 C:\\Users\\chuite\\Documents\\GitHub\\torre_solento\\vendor\\laravel\\framework\\src\\Illuminate\\Foundation\\Application.php(1058): Illuminate\\Container\\Container->make()
#5 C:\\Users\\chuite\\Documents\\GitHub\\torre_solento\\vendor\\laravel\\framework\\src\\Illuminate\\Pipeline\\Pipeline.php(198): Illuminate\\Foundation\\Application->make()
#6 C:\\Users\\chuite\\Documents\\GitHub\\torre_solento\\vendor\\laravel\\framework\\src\\Illuminate\\Routing\\Middleware\\SubstituteBindings.php(51): Illuminate\\Pipeline\\Pipeline->{closure:{closure:Illuminate\\Pipeline\\Pipeline::carry():184}:185}()
#7 C:\\Users\\chuite\\Documents\\GitHub\\torre_solento\\vendor\\laravel\\framework\\src\\Illuminate\\Pipeline\\Pipeline.php(209): Illuminate\\Routing\\Middleware\\SubstituteBindings->handle()
#8 C:\\Users\\chuite\\Documents\\GitHub\\torre_solento\\vendor\\laravel\\framework\\src\\Illuminate\\Auth\\Middleware\\Authenticate.php(64): Illuminate\\Pipeline\\Pipeline->{closure:{closure:Illuminate\\Pipeline\\Pipeline::carry():184}:185}()
#9 C:\\Users\\chuite\\Documents\\GitHub\\torre_solento\\vendor\\laravel\\framework\\src\\Illuminate\\Pipeline\\Pipeline.php(209): Illuminate\\Auth\\Middleware\\Authenticate->handle()
#10 C:\\Users\\chuite\\Documents\\GitHub\\torre_solento\\vendor\\laravel\\framework\\src\\Illuminate\\Foundation\\Http\\Middleware\\VerifyCsrfToken.php(88): Illuminate\\Pipeline\\Pipeline->{closure:{closure:Illuminate\\Pipeline\\Pipeline::carry():184}:185}()
#11 C:\\Users\\chuite\\Documents\\GitHub\\torre_solento\\vendor\\laravel\\framework\\src\\Illuminate\\Pipeline\\Pipeline.php(209): Illuminate\\Foundation\\Http\\Middleware\\VerifyCsrfToken->handle()
#12 C:\\Users\\chuite\\Documents\\GitHub\\torre_solento\\vendor\\laravel\\framework\\src\\Illuminate\\View\\Middleware\\ShareErrorsFromSession.php(49): Illuminate\\Pipeline\\Pipeline->{closure:{closure:Illuminate\\Pipeline\\Pipeline::carry():184}:185}()
#13 C:\\Users\\chuite\\Documents\\GitHub\\torre_solento\\vendor\\laravel\\framework\\src\\Illuminate\\Pipeline\\Pipeline.php(209): Illuminate\\View\\Middleware\\ShareErrorsFromSession->handle()
#14 C:\\Users\\chuite\\Documents\\GitHub\\torre_solento\\vendor\\laravel\\framework\\src\\Illuminate\\Session\\Middleware\\StartSession.php(121): Illuminate\\Pipeline\\Pipeline->{closure:{closure:Illuminate\\Pipeline\\Pipeline::carry():184}:185}()
#15 C:\\Users\\chuite\\Documents\\GitHub\\torre_solento\\vendor\\laravel\\framework\\src\\Illuminate\\Session\\Middleware\\StartSession.php(64): Illuminate\\Session\\Middleware\\StartSession->handleStatefulRequest()
#16 C:\\Users\\chuite\\Documents\\GitHub\\torre_solento\\vendor\\laravel\\framework\\src\\Illuminate\\Pipeline\\Pipeline.php(209): Illuminate\\Session\\Middleware\\StartSession->handle()
#17 C:\\Users\\chuite\\Documents\\GitHub\\torre_solento\\vendor\\laravel\\framework\\src\\Illuminate\\Cookie\\Middleware\\AddQueuedCookiesToResponse.php(37): Illuminate\\Pipeline\\Pipeline->{closure:{closure:Illuminate\\Pipeline\\Pipeline::carry():184}:185}()
#18 C:\\Users\\chuite\\Documents\\GitHub\\torre_solento\\vendor\\laravel\\framework\\src\\Illuminate\\Pipeline\\Pipeline.php(209): Illuminate\\Cookie\\Middleware\\AddQueuedCookiesToResponse->handle()
#19 C:\\Users\\chuite\\Documents\\GitHub\\torre_solento\\vendor\\laravel\\framework\\src\\Illuminate\\Cookie\\Middleware\\EncryptCookies.php(75): Illuminate\\Pipeline\\Pipeline->{closure:{closure:Illuminate\\Pipeline\\Pipeline::carry():184}:185}()
#20 C:\\Users\\chuite\\Documents\\GitHub\\torre_solento\\vendor\\laravel\\framework\\src\\Illuminate\\Pipeline\\Pipeline.php(209): Illuminate\\Cookie\\Middleware\\EncryptCookies->handle()
#21 C:\\Users\\chuite\\Documents\\GitHub\\torre_solento\\vendor\\laravel\\framework\\src\\Illuminate\\Pipeline\\Pipeline.php(127): Illuminate\\Pipeline\\Pipeline->{closure:{closure:Illuminate\\Pipeline\\Pipeline::carry():184}:185}()
#22 C:\\Users\\chuite\\Documents\\GitHub\\torre_solento\\vendor\\laravel\\framework\\src\\Illuminate\\Routing\\Router.php(807): Illuminate\\Pipeline\\Pipeline->then()
#23 C:\\Users\\chuite\\Documents\\GitHub\\torre_solento\\vendor\\laravel\\framework\\src\\Illuminate\\Routing\\Router.php(786): Illuminate\\Routing\\Router->runRouteWithinStack()
#24 C:\\Users\\chuite\\Documents\\GitHub\\torre_solento\\vendor\\laravel\\framework\\src\\Illuminate\\Routing\\Router.php(750): Illuminate\\Routing\\Router->runRoute()
#25 C:\\Users\\chuite\\Documents\\GitHub\\torre_solento\\vendor\\laravel\\framework\\src\\Illuminate\\Routing\\Router.php(739): Illuminate\\Routing\\Router->dispatchToRoute()
#26 C:\\Users\\chuite\\Documents\\GitHub\\torre_solento\\vendor\\laravel\\framework\\src\\Illuminate\\Foundation\\Http\\Kernel.php(201): Illuminate\\Routing\\Router->dispatch()
#27 C:\\Users\\chuite\\Documents\\GitHub\\torre_solento\\vendor\\laravel\\framework\\src\\Illuminate\\Pipeline\\Pipeline.php(170): Illuminate\\Foundation\\Http\\Kernel->{closure:Illuminate\\Foundation\\Http\\Kernel::dispatchToRouter():198}()
#28 C:\\Users\\chuite\\Documents\\GitHub\\torre_solento\\vendor\\laravel\\framework\\src\\Illuminate\\Foundation\\Http\\Middleware\\TransformsRequest.php(21): Illuminate\\Pipeline\\Pipeline->{closure:Illuminate\\Pipeline\\Pipeline::prepareDestination():168}()
#29 C:\\Users\\chuite\\Documents\\GitHub\\torre_solento\\vendor\\laravel\\framework\\src\\Illuminate\\Foundation\\Http\\Middleware\\ConvertEmptyStringsToNull.php(31): Illuminate\\Foundation\\Http\\Middleware\\TransformsRequest->handle()
#30 C:\\Users\\chuite\\Documents\\GitHub\\torre_solento\\vendor\\laravel\\framework\\src\\Illuminate\\Pipeline\\Pipeline.php(209): Illuminate\\Foundation\\Http\\Middleware\\ConvertEmptyStringsToNull->handle()
#31 C:\\Users\\chuite\\Documents\\GitHub\\torre_solento\\vendor\\laravel\\framework\\src\\Illuminate\\Foundation\\Http\\Middleware\\TransformsRequest.php(21): Illuminate\\Pipeline\\Pipeline->{closure:{closure:Illuminate\\Pipeline\\Pipeline::carry():184}:185}()
#32 C:\\Users\\chuite\\Documents\\GitHub\\torre_solento\\vendor\\laravel\\framework\\src\\Illuminate\\Foundation\\Http\\Middleware\\TrimStrings.php(51): Illuminate\\Foundation\\Http\\Middleware\\TransformsRequest->handle()
#33 C:\\Users\\chuite\\Documents\\GitHub\\torre_solento\\vendor\\laravel\\framework\\src\\Illuminate\\Pipeline\\Pipeline.php(209): Illuminate\\Foundation\\Http\\Middleware\\TrimStrings->handle()
#34 C:\\Users\\chuite\\Documents\\GitHub\\torre_solento\\vendor\\laravel\\framework\\src\\Illuminate\\Http\\Middleware\\ValidatePostSize.php(27): Illuminate\\Pipeline\\Pipeline->{closure:{closure:Illuminate\\Pipeline\\Pipeline::carry():184}:185}()
#35 C:\\Users\\chuite\\Documents\\GitHub\\torre_solento\\vendor\\laravel\\framework\\src\\Illuminate\\Pipeline\\Pipeline.php(209): Illuminate\\Http\\Middleware\\ValidatePostSize->handle()
#36 C:\\Users\\chuite\\Documents\\GitHub\\torre_solento\\vendor\\laravel\\framework\\src\\Illuminate\\Foundation\\Http\\Middleware\\PreventRequestsDuringMaintenance.php(110): Illuminate\\Pipeline\\Pipeline->{closure:{closure:Illuminate\\Pipeline\\Pipeline::carry():184}:185}()
#37 C:\\Users\\chuite\\Documents\\GitHub\\torre_solento\\vendor\\laravel\\framework\\src\\Illuminate\\Pipeline\\Pipeline.php(209): Illuminate\\Foundation\\Http\\Middleware\\PreventRequestsDuringMaintenance->handle()
#38 C:\\Users\\chuite\\Documents\\GitHub\\torre_solento\\vendor\\laravel\\framework\\src\\Illuminate\\Http\\Middleware\\HandleCors.php(49): Illuminate\\Pipeline\\Pipeline->{closure:{closure:Illuminate\\Pipeline\\Pipeline::carry():184}:185}()
#39 C:\\Users\\chuite\\Documents\\GitHub\\torre_solento\\vendor\\laravel\\framework\\src\\Illuminate\\Pipeline\\Pipeline.php(209): Illuminate\\Http\\Middleware\\HandleCors->handle()
#40 C:\\Users\\chuite\\Documents\\GitHub\\torre_solento\\vendor\\laravel\\framework\\src\\Illuminate\\Http\\Middleware\\TrustProxies.php(58): Illuminate\\Pipeline\\Pipeline->{closure:{closure:Illuminate\\Pipeline\\Pipeline::carry():184}:185}()
#41 C:\\Users\\chuite\\Documents\\GitHub\\torre_solento\\vendor\\laravel\\framework\\src\\Illuminate\\Pipeline\\Pipeline.php(209): Illuminate\\Http\\Middleware\\TrustProxies->handle()
#42 C:\\Users\\chuite\\Documents\\GitHub\\torre_solento\\vendor\\laravel\\framework\\src\\Illuminate\\Foundation\\Http\\Middleware\\InvokeDeferredCallbacks.php(22): Illuminate\\Pipeline\\Pipeline->{closure:{closure:Illuminate\\Pipeline\\Pipeline::carry():184}:185}()
#43 C:\\Users\\chuite\\Documents\\GitHub\\torre_solento\\vendor\\laravel\\framework\\src\\Illuminate\\Pipeline\\Pipeline.php(209): Illuminate\\Foundation\\Http\\Middleware\\InvokeDeferredCallbacks->handle()
#44 C:\\Users\\chuite\\Documents\\GitHub\\torre_solento\\vendor\\laravel\\framework\\src\\Illuminate\\Pipeline\\Pipeline.php(127): Illuminate\\Pipeline\\Pipeline->{closure:{closure:Illuminate\\Pipeline\\Pipeline::carry():184}:185}()
#45 C:\\Users\\chuite\\Documents\\GitHub\\torre_solento\\vendor\\laravel\\framework\\src\\Illuminate\\Foundation\\Http\\Kernel.php(176): Illuminate\\Pipeline\\Pipeline->then()
#46 C:\\Users\\chuite\\Documents\\GitHub\\torre_solento\\vendor\\laravel\\framework\\src\\Illuminate\\Foundation\\Http\\Kernel.php(145): Illuminate\\Foundation\\Http\\Kernel->sendRequestThroughRouter()
#47 C:\\Users\\chuite\\Documents\\GitHub\\torre_solento\\vendor\\laravel\\framework\\src\\Illuminate\\Foundation\\Application.php(1220): Illuminate\\Foundation\\Http\\Kernel->handle()
#48 C:\\Users\\chuite\\Documents\\GitHub\\torre_solento\\public\\index.php(17): Illuminate\\Foundation\\Application->handleRequest()
#49 C:\\Users\\chuite\\Documents\\GitHub\\torre_solento\\vendor\\laravel\\framework\\src\\Illuminate\\Foundation\\resources\\server.php(23): require_once('...')
#50 {main}
"} 
[2026-01-15 21:29:06] local.ERROR: Target class [role] does not exist. {"userId":1,"exception":"[object] (Illuminate\\Contracts\\Container\\BindingResolutionException(code: 0): Target class [role] does not exist. at C:\\Users\\chuite\\Documents\\GitHub\\torre_solento\\vendor\\laravel\\framework\\src\\Illuminate\\Container\\Container.php:961)
[stacktrace]
#0 C:\\Users\\chuite\\Documents\\GitHub\\torre_solento\\vendor\\laravel\\framework\\src\\Illuminate\\Container\\Container.php(832): Illuminate\\Container\\Container->build()
#1 C:\\Users\\chuite\\Documents\\GitHub\\torre_solento\\vendor\\laravel\\framework\\src\\Illuminate\\Foundation\\Application.php(1078): Illuminate\\Container\\Container->resolve()
#2 C:\\Users\\chuite\\Documents\\GitHub\\torre_solento\\vendor\\laravel\\framework\\src\\Illuminate\\Container\\Container.php(763): Illuminate\\Foundation\\Application->resolve()
#3 C:\\Users\\chuite\\Documents\\GitHub\\torre_solento\\vendor\\laravel\\framework\\src\\Illuminate\\Foundation\\Application.php(1058): Illuminate\\Container\\Container->make()
#4 C:\\Users\\chuite\\Documents\\GitHub\\torre_solento\\vendor\\laravel\\framework\\src\\Illuminate\\Foundation\\Http\\Kernel.php(258): Illuminate\\Foundation\\Application->make()
#5 C:\\Users\\chuite\\Documents\\GitHub\\torre_solento\\vendor\\laravel\\framework\\src\\Illuminate\\Foundation\\Http\\Kernel.php(216): Illuminate\\Foundation\\Http\\Kernel->terminateMiddleware()
#6 C:\\Users\\chuite\\Documents\\GitHub\\torre_solento\\vendor\\laravel\\framework\\src\\Illuminate\\Foundation\\Application.php(1222): Illuminate\\Foundation\\Http\\Kernel->terminate()
#7 C:\\Users\\chuite\\Documents\\GitHub\\torre_solento\\public\\index.php(17): Illuminate\\Foundation\\Application->handleRequest()
#8 C:\\Users\\chuite\\Documents\\GitHub\\torre_solento\\vendor\\laravel\\framework\\src\\Illuminate\\Foundation\\resources\\server.php(23): require_once('...')
#9 {main}

[previous exception] [object] (ReflectionException(code: -1): Class \"role\" does not exist at C:\\Users\\chuite\\Documents\\GitHub\\torre_solento\\vendor\\laravel\\framework\\src\\Illuminate\\Container\\Container.php:959)
[stacktrace]
#0 C:\\Users\\chuite\\Documents\\GitHub\\torre_solento\\vendor\\laravel\\framework\\src\\Illuminate\\Container\\Container.php(959): ReflectionClass->__construct()
#1 C:\\Users\\chuite\\Documents\\GitHub\\torre_solento\\vendor\\laravel\\framework\\src\\Illuminate\\Container\\Container.php(832): Illuminate\\Container\\Container->build()
#2 C:\\Users\\chuite\\Documents\\GitHub\\torre_solento\\vendor\\laravel\\framework\\src\\Illuminate\\Foundation\\Application.php(1078): Illuminate\\Container\\Container->resolve()
#3 C:\\Users\\chuite\\Documents\\GitHub\\torre_solento\\vendor\\laravel\\framework\\src\\Illuminate\\Container\\Container.php(763): Illuminate\\Foundation\\Application->resolve()
#4 C:\\Users\\chuite\\Documents\\GitHub\\torre_solento\\vendor\\laravel\\framework\\src\\Illuminate\\Foundation\\Application.php(1058): Illuminate\\Container\\Container->make()
#5 C:\\Users\\chuite\\Documents\\GitHub\\torre_solento\\vendor\\laravel\\framework\\src\\Illuminate\\Foundation\\Http\\Kernel.php(258): Illuminate\\Foundation\\Application->make()
#6 C:\\Users\\chuite\\Documents\\GitHub\\torre_solento\\vendor\\laravel\\framework\\src\\Illuminate\\Foundation\\Http\\Kernel.php(216): Illuminate\\Foundation\\Http\\Kernel->terminateMiddleware()
#7 C:\\Users\\chuite\\Documents\\GitHub\\torre_solento\\vendor\\laravel\\framework\\src\\Illuminate\\Foundation\\Application.php(1222): Illuminate\\Foundation\\Http\\Kernel->terminate()
#8 C:\\Users\\chuite\\Documents\\GitHub\\torre_solento\\public\\index.php(17): Illuminate\\Foundation\\Application->handleRequest()
#9 C:\\Users\\chuite\\Documents\\GitHub\\torre_solento\\vendor\\laravel\\framework\\src\\Illuminate\\Foundation\\resources\\server.php(23): require_once('...')
#10 {main}
"} 
[2026-01-15 21:40:25] local.ERROR: Route [verification.verify] not defined. {"exception":"[object] (Symfony\\Component\\Routing\\Exception\\RouteNotFoundException(code: 0): Route [verification.verify] not defined. at C:\\Users\\chuite\\Documents\\GitHub\\torre_solento\\vendor\\laravel\\framework\\src\\Illuminate\\Routing\\UrlGenerator.php:517)
[stacktrace]
#0 C:\\Users\\chuite\\Documents\\GitHub\\torre_solento\\vendor\\laravel\\framework\\src\\Illuminate\\Routing\\UrlGenerator.php(376): Illuminate\\Routing\\UrlGenerator->route()
#1 C:\\Users\\chuite\\Documents\\GitHub\\torre_solento\\vendor\\laravel\\framework\\src\\Illuminate\\Routing\\UrlGenerator.php(414): Illuminate\\Routing\\UrlGenerator->signedRoute()
#2 C:\\Users\\chuite\\Documents\\GitHub\\torre_solento\\vendor\\laravel\\framework\\src\\Illuminate\\Support\\Facades\\Facade.php(361): Illuminate\\Routing\\UrlGenerator->temporarySignedRoute()
#3 C:\\Users\\chuite\\Documents\\GitHub\\torre_solento\\vendor\\laravel\\framework\\src\\Illuminate\\Auth\\Notifications\\VerifyEmail.php(83): Illuminate\\Support\\Facades\\Facade::__callStatic()
#4 C:\\Users\\chuite\\Documents\\GitHub\\torre_solento\\vendor\\laravel\\framework\\src\\Illuminate\\Auth\\Notifications\\VerifyEmail.php(47): Illuminate\\Auth\\Notifications\\VerifyEmail->verificationUrl()
#5 C:\\Users\\chuite\\Documents\\GitHub\\torre_solento\\vendor\\laravel\\framework\\src\\Illuminate\\Notifications\\Channels\\MailChannel.php(56): Illuminate\\Auth\\Notifications\\VerifyEmail->toMail()
#6 C:\\Users\\chuite\\Documents\\GitHub\\torre_solento\\vendor\\laravel\\framework\\src\\Illuminate\\Notifications\\NotificationSender.php(148): Illuminate\\Notifications\\Channels\\MailChannel->send()
#7 C:\\Users\\chuite\\Documents\\GitHub\\torre_solento\\vendor\\laravel\\framework\\src\\Illuminate\\Notifications\\NotificationSender.php(106): Illuminate\\Notifications\\NotificationSender->sendToNotifiable()
#8 C:\\Users\\chuite\\Documents\\GitHub\\torre_solento\\vendor\\laravel\\framework\\src\\Illuminate\\Support\\Traits\\Localizable.php(19): Illuminate\\Notifications\\NotificationSender->{closure:Illuminate\\Notifications\\NotificationSender::sendNow():101}()
#9 C:\\Users\\chuite\\Documents\\GitHub\\torre_solento\\vendor\\laravel\\framework\\src\\Illuminate\\Notifications\\NotificationSender.php(101): Illuminate\\Notifications\\NotificationSender->withLocale()
#10 C:\\Users\\chuite\\Documents\\GitHub\\torre_solento\\vendor\\laravel\\framework\\src\\Illuminate\\Notifications\\NotificationSender.php(79): Illuminate\\Notifications\\NotificationSender->sendNow()
#11 C:\\Users\\chuite\\Documents\\GitHub\\torre_solento\\vendor\\laravel\\framework\\src\\Illuminate\\Notifications\\ChannelManager.php(39): Illuminate\\Notifications\\NotificationSender->send()
#12 C:\\Users\\chuite\\Documents\\GitHub\\torre_solento\\vendor\\laravel\\framework\\src\\Illuminate\\Notifications\\RoutesNotifications.php(18): Illuminate\\Notifications\\ChannelManager->send()
#13 C:\\Users\\chuite\\Documents\\GitHub\\torre_solento\\vendor\\laravel\\framework\\src\\Illuminate\\Auth\\MustVerifyEmail.php(38): App\\Models\\User->notify()
#14 C:\\Users\\chuite\\Documents\\GitHub\\torre_solento\\vendor\\laravel\\framework\\src\\Illuminate\\Auth\\Listeners\\SendEmailVerificationNotification.php(19): Illuminate\\Foundation\\Auth\\User->sendEmailVerificationNotification()
#15 C:\\Users\\chuite\\Documents\\GitHub\\torre_solento\\vendor\\laravel\\framework\\src\\Illuminate\\Events\\Dispatcher.php(479): Illuminate\\Auth\\Listeners\\SendEmailVerificationNotification->handle()
#16 C:\\Users\\chuite\\Documents\\GitHub\\torre_solento\\vendor\\laravel\\framework\\src\\Illuminate\\Events\\Dispatcher.php(287): Illuminate\\Events\\Dispatcher->{closure:Illuminate\\Events\\Dispatcher::createClassListener():472}()
#17 C:\\Users\\chuite\\Documents\\GitHub\\torre_solento\\vendor\\laravel\\framework\\src\\Illuminate\\Events\\Dispatcher.php(267): Illuminate\\Events\\Dispatcher->invokeListeners()
#18 C:\\Users\\chuite\\Documents\\GitHub\\torre_solento\\vendor\\laravel\\framework\\src\\Illuminate\\Foundation\\helpers.php(473): Illuminate\\Events\\Dispatcher->dispatch()
#19 C:\\Users\\chuite\\Documents\\GitHub\\torre_solento\\app\\Http\\Controllers\\Auth\\RegisteredUserController.php(52): event()
#20 C:\\Users\\chuite\\Documents\\GitHub\\torre_solento\\vendor\\laravel\\framework\\src\\Illuminate\\Routing\\Controller.php(54): App\\Http\\Controllers\\Auth\\RegisteredUserController->store()
#21 C:\\Users\\chuite\\Documents\\GitHub\\torre_solento\\vendor\\laravel\\framework\\src\\Illuminate\\Routing\\ControllerDispatcher.php(44): Illuminate\\Routing\\Controller->callAction()
#22 C:\\Users\\chuite\\Documents\\GitHub\\torre_solento\\vendor\\laravel\\framework\\src\\Illuminate\\Routing\\Route.php(266): Illuminate\\Routing\\ControllerDispatcher->dispatch()
#23 C:\\Users\\chuite\\Documents\\GitHub\\torre_solento\\vendor\\laravel\\framework\\src\\Illuminate\\Routing\\Route.php(212): Illuminate\\Routing\\Route->runController()
#24 C:\\Users\\chuite\\Documents\\GitHub\\torre_solento\\vendor\\laravel\\framework\\src\\Illuminate\\Routing\\Router.php(808): Illuminate\\Routing\\Route->run()
#25 C:\\Users\\chuite\\Documents\\GitHub\\torre_solento\\vendor\\laravel\\framework\\src\\Illuminate\\Pipeline\\Pipeline.php(170): Illuminate\\Routing\\Router->{closure:Illuminate\\Routing\\Router::runRouteWithinStack():807}()
#26 C:\\Users\\chuite\\Documents\\GitHub\\torre_solento\\vendor\\laravel\\framework\\src\\Illuminate\\Auth\\Middleware\\RedirectIfAuthenticated.php(35): Illuminate\\Pipeline\\Pipeline->{closure:Illuminate\\Pipeline\\Pipeline::prepareDestination():168}()
#27 C:\\Users\\chuite\\Documents\\GitHub\\torre_solento\\vendor\\laravel\\framework\\src\\Illuminate\\Pipeline\\Pipeline.php(209): Illuminate\\Auth\\Middleware\\RedirectIfAuthenticated->handle()
#28 C:\\Users\\chuite\\Documents\\GitHub\\torre_solento\\vendor\\laravel\\framework\\src\\Illuminate\\Routing\\Middleware\\SubstituteBindings.php(51): Illuminate\\Pipeline\\Pipeline->{closure:{closure:Illuminate\\Pipeline\\Pipeline::carry():184}:185}()
#29 C:\\Users\\chuite\\Documents\\GitHub\\torre_solento\\vendor\\laravel\\framework\\src\\Illuminate\\Pipeline\\Pipeline.php(209): Illuminate\\Routing\\Middleware\\SubstituteBindings->handle()
#30 C:\\Users\\chuite\\Documents\\GitHub\\torre_solento\\vendor\\laravel\\framework\\src\\Illuminate\\Foundation\\Http\\Middleware\\VerifyCsrfToken.php(88): Illuminate\\Pipeline\\Pipeline->{closure:{closure:Illuminate\\Pipeline\\Pipeline::carry():184}:185}()
#31 C:\\Users\\chuite\\Documents\\GitHub\\torre_solento\\vendor\\laravel\\framework\\src\\Illuminate\\Pipeline\\Pipeline.php(209): Illuminate\\Foundation\\Http\\Middleware\\VerifyCsrfToken->handle()
#32 C:\\Users\\chuite\\Documents\\GitHub\\torre_solento\\vendor\\laravel\\framework\\src\\Illuminate\\View\\Middleware\\ShareErrorsFromSession.php(49): Illuminate\\Pipeline\\Pipeline->{closure:{closure:Illuminate\\Pipeline\\Pipeline::carry():184}:185}()
#33 C:\\Users\\chuite\\Documents\\GitHub\\torre_solento\\vendor\\laravel\\framework\\src\\Illuminate\\Pipeline\\Pipeline.php(209): Illuminate\\View\\Middleware\\ShareErrorsFromSession->handle()
#34 C:\\Users\\chuite\\Documents\\GitHub\\torre_solento\\vendor\\laravel\\framework\\src\\Illuminate\\Session\\Middleware\\StartSession.php(121): Illuminate\\Pipeline\\Pipeline->{closure:{closure:Illuminate\\Pipeline\\Pipeline::carry():184}:185}()
#35 C:\\Users\\chuite\\Documents\\GitHub\\torre_solento\\vendor\\laravel\\framework\\src\\Illuminate\\Session\\Middleware\\StartSession.php(64): Illuminate\\Session\\Middleware\\StartSession->handleStatefulRequest()
#36 C:\\Users\\chuite\\Documents\\GitHub\\torre_solento\\vendor\\laravel\\framework\\src\\Illuminate\\Pipeline\\Pipeline.php(209): Illuminate\\Session\\Middleware\\StartSession->handle()
#37 C:\\Users\\chuite\\Documents\\GitHub\\torre_solento\\vendor\\laravel\\framework\\src\\Illuminate\\Cookie\\Middleware\\AddQueuedCookiesToResponse.php(37): Illuminate\\Pipeline\\Pipeline->{closure:{closure:Illuminate\\Pipeline\\Pipeline::carry():184}:185}()
#38 C:\\Users\\chuite\\Documents\\GitHub\\torre_solento\\vendor\\laravel\\framework\\src\\Illuminate\\Pipeline\\Pipeline.php(209): Illuminate\\Cookie\\Middleware\\AddQueuedCookiesToResponse->handle()
#39 C:\\Users\\chuite\\Documents\\GitHub\\torre_solento\\vendor\\laravel\\framework\\src\\Illuminate\\Cookie\\Middleware\\EncryptCookies.php(75): Illuminate\\Pipeline\\Pipeline->{closure:{closure:Illuminate\\Pipeline\\Pipeline::carry():184}:185}()
#40 C:\\Users\\chuite\\Documents\\GitHub\\torre_solento\\vendor\\laravel\\framework\\src\\Illuminate\\Pipeline\\Pipeline.php(209): Illuminate\\Cookie\\Middleware\\EncryptCookies->handle()
#41 C:\\Users\\chuite\\Documents\\GitHub\\torre_solento\\vendor\\laravel\\framework\\src\\Illuminate\\Pipeline\\Pipeline.php(127): Illuminate\\Pipeline\\Pipeline->{closure:{closure:Illuminate\\Pipeline\\Pipeline::carry():184}:185}()
#42 C:\\Users\\chuite\\Documents\\GitHub\\torre_solento\\vendor\\laravel\\framework\\src\\Illuminate\\Routing\\Router.php(807): Illuminate\\Pipeline\\Pipeline->then()
#43 C:\\Users\\chuite\\Documents\\GitHub\\torre_solento\\vendor\\laravel\\framework\\src\\Illuminate\\Routing\\Router.php(786): Illuminate\\Routing\\Router->runRouteWithinStack()
#44 C:\\Users\\chuite\\Documents\\GitHub\\torre_solento\\vendor\\laravel\\framework\\src\\Illuminate\\Routing\\Router.php(750): Illuminate\\Routing\\Router->runRoute()
#45 C:\\Users\\chuite\\Documents\\GitHub\\torre_solento\\vendor\\laravel\\framework\\src\\Illuminate\\Routing\\Router.php(739): Illuminate\\Routing\\Router->dispatchToRoute()
#46 C:\\Users\\chuite\\Documents\\GitHub\\torre_solento\\vendor\\laravel\\framework\\src\\Illuminate\\Foundation\\Http\\Kernel.php(201): Illuminate\\Routing\\Router->dispatch()
#47 C:\\Users\\chuite\\Documents\\GitHub\\torre_solento\\vendor\\laravel\\framework\\src\\Illuminate\\Pipeline\\Pipeline.php(170): Illuminate\\Foundation\\Http\\Kernel->{closure:Illuminate\\Foundation\\Http\\Kernel::dispatchToRouter():198}()
#48 C:\\Users\\chuite\\Documents\\GitHub\\torre_solento\\vendor\\laravel\\framework\\src\\Illuminate\\Foundation\\Http\\Middleware\\TransformsRequest.php(21): Illuminate\\Pipeline\\Pipeline->{closure:Illuminate\\Pipeline\\Pipeline::prepareDestination():168}()
#49 C:\\Users\\chuite\\Documents\\GitHub\\torre_solento\\vendor\\laravel\\framework\\src\\Illuminate\\Foundation\\Http\\Middleware\\ConvertEmptyStringsToNull.php(31): Illuminate\\Foundation\\Http\\Middleware\\TransformsRequest->handle()
#50 C:\\Users\\chuite\\Documents\\GitHub\\torre_solento\\vendor\\laravel\\framework\\src\\Illuminate\\Pipeline\\Pipeline.php(209): Illuminate\\Foundation\\Http\\Middleware\\ConvertEmptyStringsToNull->handle()
#51 C:\\Users\\chuite\\Documents\\GitHub\\torre_solento\\vendor\\laravel\\framework\\src\\Illuminate\\Foundation\\Http\\Middleware\\TransformsRequest.php(21): Illuminate\\Pipeline\\Pipeline->{closure:{closure:Illuminate\\Pipeline\\Pipeline::carry():184}:185}()
#52 C:\\Users\\chuite\\Documents\\GitHub\\torre_solento\\vendor\\laravel\\framework\\src\\Illuminate\\Foundation\\Http\\Middleware\\TrimStrings.php(51): Illuminate\\Foundation\\Http\\Middleware\\TransformsRequest->handle()
#53 C:\\Users\\chuite\\Documents\\GitHub\\torre_solento\\vendor\\laravel\\framework\\src\\Illuminate\\Pipeline\\Pipeline.php(209): Illuminate\\Foundation\\Http\\Middleware\\TrimStrings->handle()
#54 C:\\Users\\chuite\\Documents\\GitHub\\torre_solento\\vendor\\laravel\\framework\\src\\Illuminate\\Http\\Middleware\\ValidatePostSize.php(27): Illuminate\\Pipeline\\Pipeline->{closure:{closure:Illuminate\\Pipeline\\Pipeline::carry():184}:185}()
#55 C:\\Users\\chuite\\Documents\\GitHub\\torre_solento\\vendor\\laravel\\framework\\src\\Illuminate\\Pipeline\\Pipeline.php(209): Illuminate\\Http\\Middleware\\ValidatePostSize->handle()
#56 C:\\Users\\chuite\\Documents\\GitHub\\torre_solento\\vendor\\laravel\\framework\\src\\Illuminate\\Foundation\\Http\\Middleware\\PreventRequestsDuringMaintenance.php(110): Illuminate\\Pipeline\\Pipeline->{closure:{closure:Illuminate\\Pipeline\\Pipeline::carry():184}:185}()
#57 C:\\Users\\chuite\\Documents\\GitHub\\torre_solento\\vendor\\laravel\\framework\\src\\Illuminate\\Pipeline\\Pipeline.php(209): Illuminate\\Foundation\\Http\\Middleware\\PreventRequestsDuringMaintenance->handle()
#58 C:\\Users\\chuite\\Documents\\GitHub\\torre_solento\\vendor\\laravel\\framework\\src\\Illuminate\\Http\\Middleware\\HandleCors.php(49): Illuminate\\Pipeline\\Pipeline->{closure:{closure:Illuminate\\Pipeline\\Pipeline::carry():184}:185}()
#59 C:\\Users\\chuite\\Documents\\GitHub\\torre_solento\\vendor\\laravel\\framework\\src\\Illuminate\\Pipeline\\Pipeline.php(209): Illuminate\\Http\\Middleware\\HandleCors->handle()
#60 C:\\Users\\chuite\\Documents\\GitHub\\torre_solento\\vendor\\laravel\\framework\\src\\Illuminate\\Http\\Middleware\\TrustProxies.php(58): Illuminate\\Pipeline\\Pipeline->{closure:{closure:Illuminate\\Pipeline\\Pipeline::carry():184}:185}()
#61 C:\\Users\\chuite\\Documents\\GitHub\\torre_solento\\vendor\\laravel\\framework\\src\\Illuminate\\Pipeline\\Pipeline.php(209): Illuminate\\Http\\Middleware\\TrustProxies->handle()
#62 C:\\Users\\chuite\\Documents\\GitHub\\torre_solento\\vendor\\laravel\\framework\\src\\Illuminate\\Foundation\\Http\\Middleware\\InvokeDeferredCallbacks.php(22): Illuminate\\Pipeline\\Pipeline->{closure:{closure:Illuminate\\Pipeline\\Pipeline::carry():184}:185}()
#63 C:\\Users\\chuite\\Documents\\GitHub\\torre_solento\\vendor\\laravel\\framework\\src\\Illuminate\\Pipeline\\Pipeline.php(209): Illuminate\\Foundation\\Http\\Middleware\\InvokeDeferredCallbacks->handle()
#64 C:\\Users\\chuite\\Documents\\GitHub\\torre_solento\\vendor\\laravel\\framework\\src\\Illuminate\\Pipeline\\Pipeline.php(127): Illuminate\\Pipeline\\Pipeline->{closure:{closure:Illuminate\\Pipeline\\Pipeline::carry():184}:185}()
#65 C:\\Users\\chuite\\Documents\\GitHub\\torre_solento\\vendor\\laravel\\framework\\src\\Illuminate\\Foundation\\Http\\Kernel.php(176): Illuminate\\Pipeline\\Pipeline->then()
#66 C:\\Users\\chuite\\Documents\\GitHub\\torre_solento\\vendor\\laravel\\framework\\src\\Illuminate\\Foundation\\Http\\Kernel.php(145): Illuminate\\Foundation\\Http\\Kernel->sendRequestThroughRouter()
#67 C:\\Users\\chuite\\Documents\\GitHub\\torre_solento\\vendor\\laravel\\framework\\src\\Illuminate\\Foundation\\Application.php(1220): Illuminate\\Foundation\\Http\\Kernel->handle()
#68 C:\\Users\\chuite\\Documents\\GitHub\\torre_solento\\public\\index.php(17): Illuminate\\Foundation\\Application->handleRequest()
#69 C:\\Users\\chuite\\Documents\\GitHub\\torre_solento\\vendor\\laravel\\framework\\src\\Illuminate\\Foundation\\resources\\server.php(23): require_once('...')
#70 {main}
"} 
